,196,214,231,297,399,521,746,810,951,1000,1027,1225,1277,1458,1586,1628,1669,1672,1834,1939,1977,2101,2113,2196,2245,2593,2634,2642,2686,2732,2880,2903,3165,3195,3254,3304,3329,3473,3659,3683,3744,3749,3822,3874,3922,3944,3948,3964,3968,4092,4103,4129,4136,4292,4337,4380,4429,4476,4542,4642,4705,4745,4756,4817,4831,4860,4993,5066,5074,5112,5139,5163,5174,5178,5187,5227,5280,5319,5522,5558,5589,5620,5768,5787,5856,5915,5955,5988,6019,6040
196,-1.0,-1.0,1168.975319,1925.9896800000001,-1.0,3230.4844039999994,-1.0,4527.5237750000015,4512.118412000002,-1.0,3829.8902509999994,-1.0,2206.524817,-1.0,-1.0,2768.4192290000005,2932.936174000001,-1.0,-1.0,-1.0,-1.0,-1.0,1546.935107,-1.0,4689.248113999999,-1.0,-1.0,5432.485951000003,-1.0,7530.860461000002,8147.940167000004,-1.0,4818.395066000002,-1.0,6145.330949,6027.553873,5616.7822060000035,1601.3856200000002,-1.0,3471.6754199999996,-1.0,1024.568758,-1.0,-1.0,2532.7548509999992,-1.0,-1.0,-1.0,-1.0,4771.198028999999,-1.0,4244.262099,-1.0,3058.797813999999,2549.992657999999,-1.0,7737.324126000005,7258.780811000002,-1.0,-1.0,-1.0,-1.0,-1.0,-1.0,-1.0,-1.0,-1.0,-1.0,-1.0,4874.9246090000015,4271.050798,-1.0,-1.0,-1.0,-1.0,5654.931488000003,-1.0,6290.444118000004,-1.0,5695.094767000002,4903.095831000002,4226.466658,3066.2844979999995,-1.0,-1.0,3899.847435,6179.061465000005,6741.834358000005,-1.0,5488.774902000001
214,-1.0,-1.0,259.251852,1756.4952529999998,-1.0,2532.3000950000005,-1.0,4744.615758000001,5071.179061,-1.0,4388.950899999999,-1.0,2765.585466000001,-1.0,-1.0,3327.4798780000015,3491.9968230000018,-1.0,-1.0,-1.0,-1.0,-1.0,1950.7010869999997,-1.0,3991.063805,-1.0,-1.0,5612.315928,-1.0,8089.921109999999,8707.000816000002,-1.0,5377.455714999999,-1.0,6227.61174,6109.834664,6175.842855000001,844.6639779999999,-1.0,2510.3333230000003,-1.0,1583.629407,-1.0,-1.0,1726.9119099999998,-1.0,-1.0,-1.0,-1.0,3954.707418,-1.0,3546.0777899999994,-1.0,2688.6950669999997,1744.1497169999998,-1.0,8296.384775000004,7817.84146,-1.0,-1.0,-1.0,-1.0,-1.0,-1.0,-1.0,-1.0,-1.0,-1.0,-1.0,5394.231546999999,4830.111446999999,-1.0,-1.0,-1.0,-1.0,6213.992137,-1.0,6849.504767000001,-1.0,6254.155416,5462.15648,4785.527306999999,2104.942401,-1.0,-1.0,3702.812642,6696.697197999996,7127.024304999999,-1.0,5076.151476000001
231,1168.975319,259.251852,-1.0,-1.0,6424.832545,-1.0,4720.751026,-1.0,-1.0,5449.689990000001,-1.0,3378.71837,-1.0,-1.0,3301.607349,-1.0,-1.0,3544.1771709999994,6790.989926999999,8443.365710999999,8132.288456999998,2475.188427,-1.0,3388.506674,-1.0,6207.0815999999995,4409.008241999999,-1.0,-1.0,-1.0,-1.0,8863.880987,-1.0,-1.0,-1.0,-1.0,-1.0,-1.0,-1.0,-1.0,1777.587961,-1.0,972.6980810000001,3358.589813,-1.0,-1.0,-1.0,-1.0,2997.893527,-1.0,5300.158367,-1.0,-1.0,-1.0,-1.0,-1.0,-1.0,-1.0,-1.0,-1.0,7634.370702000001,-1.0,-1.0,-1.0,8246.6453,3550.197645999999,-1.0,-1.0,6675.724662999999,-1.0,-1.0,4954.949608999999,-1.0,-1.0,4958.755825999999,-1.0,6443.775241999999,-1.0,5567.981873000001,-1.0,-1.0,-1.0,-1.0,3453.026816,-1.0,-1.0,-1.0,-1.0,-1.0,-1.0
297,1925.9896800000001,1756.4952529999998,-1.0,-1.0,4957.3544759999995,-1.0,3160.4987530000003,-1.0,-1.0,3971.114789999999,-1.0,1793.062519,-1.0,-1.0,1802.2792069999998,-1.0,-1.0,2058.225384,5312.414726999998,6857.709859999998,6653.713256999997,872.6340959999999,-1.0,2521.9258160000004,-1.0,4646.8293269999995,2848.7559689999994,-1.0,-1.0,-1.0,-1.0,7278.225136000001,-1.0,-1.0,-1.0,-1.0,-1.0,-1.0,-1.0,-1.0,600.2777229999999,-1.0,926.280509,2180.774027,-1.0,-1.0,-1.0,-1.0,4268.9714570000015,-1.0,4642.657722,-1.0,-1.0,-1.0,-1.0,-1.0,-1.0,-1.0,-1.0,-1.0,6155.795502,-1.0,-1.0,-1.0,6768.070099999998,2082.719577,-1.0,-1.0,5115.472389999999,-1.0,-1.0,3394.6973359999997,-1.0,-1.0,3398.5035529999996,-1.0,4883.522969,-1.0,4027.9325429999985,-1.0,-1.0,-1.0,-1.0,1867.370965,-1.0,-1.0,-1.0,-1.0,-1.0,-1.0
399,-1.0,-1.0,6424.832545,4957.3544759999995,-1.0,7010.256248000001,-1.0,5222.339131,3042.548552,-1.0,2550.6187190000005,-1.0,3821.163305,-1.0,-1.0,3362.5691880000004,3349.8656630000005,-1.0,-1.0,-1.0,-1.0,-1.0,4795.704613000001,-1.0,8091.469064,-1.0,-1.0,6414.8305470000005,-1.0,3827.5487089999997,4313.571785,-1.0,1976.0613150000001,-1.0,3318.563688,3200.7866120000003,1278.8350779999998,6857.242846,-1.0,7779.464701999999,-1.0,4994.729447,-1.0,-1.0,6387.440460000001,-1.0,-1.0,-1.0,-1.0,8550.969872999996,-1.0,7818.306234999999,-1.0,6192.296915000001,6404.678267000001,-1.0,4699.764958000001,5456.866589,-1.0,-1.0,-1.0,-1.0,-1.0,-1.0,-1.0,-1.0,-1.0,-1.0,-1.0,5476.455605,4932.394492,-1.0,-1.0,-1.0,-1.0,6256.462483999999,-1.0,6891.975114000001,-1.0,5618.029798000001,5167.987787,4491.358614,7046.032785000001,-1.0,-1.0,5845.876812999999,6873.876821000002,7436.649714000003,-1.0,7560.373506
521,3230.4844039999994,2532.3000950000005,-1.0,-1.0,7010.256248000001,-1.0,4409.132904000001,-1.0,-1.0,6024.016562000001,-1.0,4130.344458,-1.0,-1.0,3855.1809789999993,-1.0,-1.0,4111.127155999999,7365.316498999999,9194.991798999998,8706.615028999999,2910.1474979999994,-1.0,1128.012111,-1.0,6337.212844000001,4352.705623000001,-1.0,-1.0,-1.0,-1.0,9615.507075000001,-1.0,-1.0,-1.0,-1.0,-1.0,-1.0,-1.0,-1.0,2971.2015349999997,-1.0,2113.199134,2295.9467950000003,-1.0,-1.0,-1.0,-1.0,4642.2878740000015,-1.0,3622.4328769999997,-1.0,-1.0,-1.0,-1.0,-1.0,-1.0,-1.0,-1.0,-1.0,8208.697274,-1.0,-1.0,-1.0,8820.971871999998,4135.621349,-1.0,-1.0,6767.58121,-1.0,-1.0,4818.413765,-1.0,-1.0,5088.887070000001,-1.0,6573.906486,-1.0,5753.864015000001,-1.0,-1.0,-1.0,-1.0,4190.163577,-1.0,-1.0,-1.0,-1.0,-1.0,-1.0
746,-1.0,-1.0,4720.751026,3160.4987530000003,-1.0,4409.132904000001,-1.0,795.7522379999999,2942.2758200000003,-1.0,2507.5559020000005,-1.0,2024.307582,-1.0,-1.0,2015.3747869999997,1515.831836,-1.0,-1.0,-1.0,-1.0,-1.0,3054.6741180000004,-1.0,5235.747821999999,-1.0,-1.0,1988.2436539999999,-1.0,6208.526111999999,6825.605818000001,-1.0,3496.0607170000007,-1.0,5382.228700000001,6260.994740000002,4294.447857000001,5153.161327,-1.0,5977.8069319999995,-1.0,3290.647928000001,-1.0,-1.0,4585.78269,-1.0,-1.0,-1.0,-1.0,6482.212900999999,-1.0,4962.584993,-1.0,3336.5756730000003,4603.0204969999995,-1.0,6410.274394,5688.938219,-1.0,-1.0,-1.0,-1.0,-1.0,-1.0,-1.0,-1.0,-1.0,-1.0,-1.0,903.1457609999999,725.5402829999999,-1.0,-1.0,-1.0,-1.0,1903.6265159999998,-1.0,2539.139146,-1.0,2505.7490049999997,1713.750069,951.4019389999999,5244.375015,-1.0,-1.0,2729.4468869999987,2205.611412,2678.8440350000005,-1.0,4684.068501
810,4527.5237750000015,4744.615758000001,-1.0,-1.0,5222.339131,-1.0,795.7522379999999,-1.0,-1.0,3638.8060010000004,-1.0,2730.4921480000003,-1.0,-1.0,1875.7237199999997,-1.0,-1.0,2053.3142199999998,5078.678268999999,6426.702941999999,6419.976798999997,2390.5628960000004,-1.0,4044.196683,-1.0,3084.5472540000005,871.0719569999999,-1.0,-1.0,-1.0,-1.0,7131.016643000001,-1.0,-1.0,-1.0,-1.0,-1.0,-1.0,-1.0,-1.0,3258.831159000001,-1.0,3923.819388000001,4685.865945,-1.0,-1.0,-1.0,-1.0,7266.510336,-1.0,6017.504212,-1.0,-1.0,-1.0,-1.0,-1.0,-1.0,-1.0,-1.0,-1.0,5922.059044,-1.0,-1.0,-1.0,6534.333641999998,2358.192869,-1.0,-1.0,3553.1903169999996,-1.0,-1.0,1193.8076650000003,-1.0,-1.0,1836.2214800000002,-1.0,3321.2408960000002,-1.0,2344.5490909999994,-1.0,-1.0,-1.0,-1.0,4152.887507,-1.0,-1.0,-1.0,-1.0,-1.0,-1.0
951,4512.118412000002,5071.179061,-1.0,-1.0,3042.548552,-1.0,2942.2758200000003,-1.0,-1.0,330.50172299999997,-1.0,2849.2763330000002,-1.0,-1.0,1966.656015,-1.0,-1.0,1657.6823610000001,1671.80166,4391.668897,3013.1001899999997,3131.404392,-1.0,5622.786978000001,-1.0,4338.416816,3113.678544,-1.0,-1.0,-1.0,-1.0,5247.116523,-1.0,-1.0,-1.0,-1.0,-1.0,-1.0,-1.0,-1.0,3675.6813639999996,-1.0,4374.361822,5068.204883,-1.0,-1.0,-1.0,-1.0,7599.370722000001,-1.0,7478.394280000002,-1.0,-1.0,-1.0,-1.0,-1.0,-1.0,-1.0,-1.0,-1.0,2515.1824349999993,-1.0,-1.0,-1.0,3127.457033,1707.4184250000003,-1.0,-1.0,4010.192417,-1.0,-1.0,2712.651274,-1.0,-1.0,3090.091042,-1.0,4565.451521000001,-1.0,1925.1239760000003,-1.0,-1.0,-1.0,-1.0,4137.482143999999,-1.0,-1.0,-1.0,-1.0,-1.0,-1.0
1000,-1.0,-1.0,5449.689990000001,3971.114789999999,-1.0,6024.016562000001,-1.0,3638.8060010000004,330.50172299999997,-1.0,1012.729884,-1.0,2834.9236189999992,-1.0,-1.0,2413.6459019999998,2118.3107099999997,-1.0,-1.0,-1.0,-1.0,-1.0,3820.5620579999986,-1.0,7105.229378000001,-1.0,-1.0,4831.297417,-1.0,4668.544062000001,4626.062286000001,-1.0,1395.989046,-1.0,4324.054069999999,5202.820109999999,2754.465807,5882.100291000002,-1.0,6793.225016,-1.0,4019.586891999999,-1.0,-1.0,5401.200774,-1.0,-1.0,-1.0,-1.0,7564.730186999999,-1.0,6832.066549,-1.0,5206.057228999999,5418.438581,-1.0,3318.8736049999993,2582.407316,-1.0,-1.0,-1.0,-1.0,-1.0,-1.0,-1.0,-1.0,-1.0,-1.0,-1.0,3003.117514,2867.75171,-1.0,-1.0,-1.0,-1.0,3783.124393,-1.0,4418.637023,-1.0,2707.5758790000004,2416.045003,2275.8774150000004,6059.793099000001,-1.0,-1.0,4859.637126999998,4658.140918,5386.880167000002,-1.0,6574.133820000001
1027,3829.8902509999994,4388.950899999999,-1.0,-1.0,2550.6187190000005,-1.0,2507.5559020000005,-1.0,-1.0,1012.729884,-1.0,2178.1453030000002,-1.0,-1.0,1284.4278539999998,-1.0,-1.0,975.4542,2354.029821,4541.096291999999,3695.3283509999997,2449.176230999999,-1.0,4940.558817,-1.0,3939.9870800000003,2439.8849999999998,-1.0,-1.0,-1.0,-1.0,5396.543917999999,-1.0,-1.0,-1.0,-1.0,-1.0,-1.0,-1.0,-1.0,2993.4532029999987,-1.0,3692.133661,4397.073853,-1.0,-1.0,-1.0,-1.0,6917.142561,-1.0,6807.263250000002,-1.0,-1.0,-1.0,-1.0,-1.0,-1.0,-1.0,-1.0,-1.0,3197.410596,-1.0,-1.0,-1.0,3809.6851939999997,1025.190264,-1.0,-1.0,3963.4402200000004,-1.0,-1.0,2626.335379,-1.0,-1.0,2691.661306,-1.0,4176.680722,-1.0,2359.636531,-1.0,-1.0,-1.0,-1.0,3455.253983,-1.0,-1.0,-1.0,-1.0,-1.0,-1.0
1225,-1.0,-1.0,3378.71837,1793.062519,-1.0,4130.344458,-1.0,2730.4921480000003,2849.2763330000002,-1.0,2178.1453030000002,-1.0,2052.125113,1805.0696560000001,-1.0,1655.9097320000003,1529.2143170000004,-1.0,-1.0,-1.0,-1.0,-1.0,1861.723834,-1.0,4956.959376000001,-1.0,-1.0,3875.492869999999,2350.821233,5879.115512999999,6496.195219000001,-1.0,3166.650118,2598.421665,4793.942241000001,5672.708281,3965.0372580000003,3821.730068,3716.388980999999,4551.658324999999,-1.0,2657.574905,-1.0,-1.0,3538.2511569999997,2861.7833680000003,3252.5114060000005,4956.030643000001,-1.0,5206.926893,-1.0,4683.796547,5268.636173999998,3057.787227,3555.488964,6302.390933999998,5804.404603999999,5595.9387320000005,4907.29259,4454.114042999999,-1.0,3678.8045769999994,3683.7337619999994,3365.488634,-1.0,-1.0,3442.524452,3386.634019,-1.0,2781.3776129999997,2177.5038019999997,-1.0,3126.4878850000005,2741.4585110000007,-1.0,3561.384492,-1.0,4196.897122,-1.0,3921.9075319999997,3129.908596,2367.560466,4106.308443,-1.0,1108.5456560000002,2671.145599,4187.962383,4773.783572,3677.9208609999996,4241.179661
1277,2206.524817,2765.585466000001,-1.0,-1.0,3821.163305,-1.0,2024.307582,-1.0,-1.0,2834.9236189999992,-1.0,2052.125113,-1.0,-1.0,666.088036,-1.0,-1.0,922.0342129999999,4176.223555999999,6244.993299,5517.522085999998,760.7772239999999,-1.0,3219.4846780000003,-1.0,3510.638156,1712.5647980000003,-1.0,-1.0,-1.0,-1.0,7100.440925,-1.0,-1.0,-1.0,-1.0,-1.0,-1.0,-1.0,-1.0,1230.9219179999998,-1.0,1971.0595219999998,2975.879012,-1.0,-1.0,-1.0,-1.0,5293.777127,-1.0,5443.082672,-1.0,-1.0,-1.0,-1.0,-1.0,-1.0,-1.0,-1.0,-1.0,5019.604331,-1.0,-1.0,-1.0,5631.878928999998,946.5284060000001,-1.0,-1.0,3979.2812189999995,-1.0,-1.0,2258.506165,-1.0,-1.0,2262.312382,-1.0,3747.3317979999997,-1.0,2891.7413719999995,-1.0,-1.0,-1.0,-1.0,2662.47595,-1.0,-1.0,-1.0,-1.0,-1.0,-1.0
1458,-1.0,-1.0,-1.0,-1.0,-1.0,-1.0,-1.0,-1.0,-1.0,-1.0,-1.0,1805.0696560000001,-1.0,-1.0,-1.0,-1.0,-1.0,-1.0,-1.0,6679.580442999999,-1.0,-1.0,-1.0,-1.0,-1.0,2464.020875,-1.0,-1.0,-1.0,-1.0,-1.0,7100.095719,-1.0,-1.0,-1.0,-1.0,-1.0,-1.0,-1.0,-1.0,-1.0,-1.0,-1.0,3337.8710630000005,-1.0,-1.0,-1.0,-1.0,-1.0,-1.0,4715.752903999999,-1.0,-1.0,-1.0,-1.0,-1.0,-1.0,-1.0,-1.0,-1.0,-1.0,-1.0,-1.0,-1.0,-1.0,-1.0,-1.0,-1.0,3633.7225529999996,-1.0,-1.0,-1.0,-1.0,-1.0,2016.9697039999996,-1.0,2800.114058000001,-1.0,-1.0,-1.0,-1.0,-1.0,-1.0,3481.19549,-1.0,-1.0,-1.0,-1.0,-1.0,-1.0
1586,-1.0,-1.0,3301.607349,1802.2792069999998,-1.0,3855.1809789999993,-1.0,1875.7237199999997,1966.656015,-1.0,1284.4278539999998,-1.0,666.088036,-1.0,-1.0,570.318141,338.98697400000003,-1.0,-1.0,-1.0,-1.0,-1.0,1672.4794169999996,-1.0,4936.393795,-1.0,-1.0,3068.215136000001,-1.0,4985.398063999998,5602.47777,-1.0,2272.9326689999994,-1.0,4018.0928620000004,4896.858901999999,3071.3198089999996,3734.01765,-1.0,4624.389432999999,-1.0,1871.5042509999996,-1.0,-1.0,3232.365191,-1.0,-1.0,-1.0,-1.0,5395.894603999998,-1.0,4663.230965999999,-1.0,3037.2216459999995,3249.602998,-1.0,5191.861729000001,4713.3184139999985,-1.0,-1.0,-1.0,-1.0,-1.0,-1.0,-1.0,-1.0,-1.0,-1.0,-1.0,2223.1245540000004,1619.2507429999998,-1.0,-1.0,-1.0,-1.0,3003.131433000002,-1.0,3638.6440630000016,-1.0,3063.497655000001,2271.498719000001,1594.8695460000001,3890.9575159999995,-1.0,-1.0,2690.801543999999,3527.2614100000023,4090.0343030000017,-1.0,4405.298237
1628,2768.4192290000005,3327.4798780000015,-1.0,-1.0,3362.5691880000004,-1.0,2015.3747869999997,-1.0,-1.0,2413.6459019999998,-1.0,1655.9097320000003,-1.0,-1.0,570.318141,-1.0,-1.0,666.9424810000002,3754.945839,5848.777918,5096.244368999999,1398.80234,-1.0,3890.1849260000004,-1.0,3501.705361,1852.6100610000003,-1.0,-1.0,-1.0,-1.0,6704.225544,-1.0,-1.0,-1.0,-1.0,-1.0,-1.0,-1.0,-1.0,1931.9821810000003,-1.0,2641.75977,3714.074461,-1.0,-1.0,-1.0,-1.0,5855.671539000002,-1.0,6105.394931,-1.0,-1.0,-1.0,-1.0,-1.0,-1.0,-1.0,-1.0,-1.0,4598.3266140000005,-1.0,-1.0,-1.0,5210.601211999998,487.93428900000004,-1.0,-1.0,3720.376403,-1.0,-1.0,2249.5733699999996,-1.0,-1.0,2253.3795869999994,-1.0,3738.3990029999995,-1.0,2760.6155,-1.0,-1.0,-1.0,-1.0,2933.0184120000004,-1.0,-1.0,-1.0,-1.0,-1.0,-1.0
1669,2932.936174000001,3491.9968230000018,-1.0,-1.0,3349.8656630000005,-1.0,1515.831836,-1.0,-1.0,2118.3107099999997,-1.0,1529.2143170000004,-1.0,-1.0,338.98697400000003,-1.0,-1.0,180.840752,3459.610647,5646.677118,4800.909176999999,1544.845567,-1.0,4036.228153,-1.0,2973.0094860000004,1448.1609340000005,-1.0,-1.0,-1.0,-1.0,6502.124743999999,-1.0,-1.0,-1.0,-1.0,-1.0,-1.0,-1.0,-1.0,2096.4991260000006,-1.0,2787.802997,3748.142867,-1.0,-1.0,-1.0,-1.0,6020.188484000002,-1.0,6158.3322640000015,-1.0,-1.0,-1.0,-1.0,-1.0,-1.0,-1.0,-1.0,-1.0,4302.991422,-1.0,-1.0,-1.0,4915.266019999999,485.719401,-1.0,-1.0,3441.6525489999995,-1.0,-1.0,1659.3577850000004,-1.0,-1.0,1724.683712,-1.0,3209.703128,-1.0,2027.975844,-1.0,-1.0,-1.0,-1.0,2806.322997,-1.0,-1.0,-1.0,-1.0,-1.0,-1.0
1672,-1.0,-1.0,3544.1771709999994,2058.225384,-1.0,4111.127155999999,-1.0,2053.3142199999998,1657.6823610000001,-1.0,975.4542,-1.0,922.0342129999999,-1.0,-1.0,666.9424810000002,180.840752,-1.0,-1.0,-1.0,-1.0,-1.0,1915.049239,-1.0,5192.339971999999,-1.0,-1.0,3245.805636,-1.0,4676.42441,5293.504116000002,-1.0,1963.959015,-1.0,3742.7570840000003,4621.523124000001,2762.346155,3976.5874719999993,-1.0,4880.335609999998,-1.0,2114.0740729999998,-1.0,-1.0,3488.3113679999997,-1.0,-1.0,-1.0,-1.0,5651.840780999997,-1.0,4919.177142999998,-1.0,3293.1678229999993,3505.5491749999997,-1.0,4882.888075000003,4404.34476,-1.0,-1.0,-1.0,-1.0,-1.0,-1.0,-1.0,-1.0,-1.0,-1.0,-1.0,2367.2433919999994,1763.369581,-1.0,-1.0,-1.0,-1.0,3147.250271,-1.0,3782.762901,-1.0,2889.930014,2097.931078,1421.3019049999998,4146.903692999999,-1.0,-1.0,2946.747720999999,3704.851910000001,4267.6248030000015,-1.0,4661.244413999999
1834,-1.0,-1.0,6790.989926999999,5312.414726999998,-1.0,7365.316498999999,-1.0,5078.678268999999,1671.80166,-1.0,2354.029821,-1.0,4176.223555999999,-1.0,-1.0,3754.945839,3459.610647,-1.0,-1.0,-1.0,-1.0,-1.0,5161.8619949999975,-1.0,8446.529315000002,-1.0,-1.0,6271.169684999998,-1.0,4314.194664999999,4046.6778169999993,-1.0,2737.288983,-1.0,5665.354006999997,6544.120046999997,4095.7657440000003,7223.4002279999995,-1.0,8134.524952999998,-1.0,5360.886828999997,-1.0,-1.0,6742.500710999998,-1.0,-1.0,-1.0,-1.0,8906.030123999999,-1.0,8173.366485999998,-1.0,6547.357165999997,6759.738517999998,-1.0,2584.4117159999996,1074.8607390000002,-1.0,-1.0,-1.0,-1.0,-1.0,-1.0,-1.0,-1.0,-1.0,-1.0,-1.0,4442.989782,4307.623977999999,-1.0,-1.0,-1.0,-1.0,5222.996660999998,-1.0,5858.5092909999985,-1.0,4215.122456,3923.59158,3715.749683,7401.093035999999,-1.0,-1.0,6200.937063999996,6098.013185999998,6826.752434999999,-1.0,7915.433756999999
1939,-1.0,-1.0,8443.365710999999,6857.709859999998,-1.0,9194.991798999998,-1.0,6426.702941999999,4391.668897,-1.0,4541.096291999999,-1.0,6244.993299,6679.580442999999,-1.0,5848.777918,5646.677118,-1.0,-1.0,-1.0,-1.0,-1.0,6926.371174999998,-1.0,10021.606716999999,-1.0,-1.0,7619.194357999999,7071.3791829999955,6673.044561999999,6806.420861999999,-1.0,3727.359003999999,5078.949461,7064.953049,7943.719088999998,4758.966306999999,8886.377408999997,8781.036321999998,9616.305665999998,-1.0,7418.559440999999,-1.0,-1.0,8602.898497999999,7926.430708999996,8317.158746999994,9821.849683,-1.0,10271.574233999998,-1.0,9748.443887999998,10333.283514999996,8122.434567999998,8620.136304999998,2384.2355580000003,5499.232180999999,6256.333811999999,1177.0015899999999,1172.040943,-1.0,4890.555433,5126.891964,5178.671608999999,-1.0,-1.0,5945.1812199999995,5700.285053999998,-1.0,6429.507489999998,5825.633678999999,-1.0,5993.995914,5828.494055,-1.0,7209.514368999999,-1.0,7845.026998999999,-1.0,6942.311755,6606.673594999999,6015.690342999998,9170.955783999998,-1.0,6164.222451000001,7735.7929399999975,7836.092259999999,8421.913449,8742.568201999999,9305.827001999998
1977,-1.0,-1.0,8132.288456999998,6653.713256999997,-1.0,8706.615028999999,-1.0,6419.976798999997,3013.1001899999997,-1.0,3695.3283509999997,-1.0,5517.522085999998,-1.0,-1.0,5096.244368999999,4800.909176999999,-1.0,-1.0,-1.0,-1.0,-1.0,6503.160524999997,-1.0,9787.827845000003,-1.0,-1.0,7612.468214999996,-1.0,3148.1250659999996,2880.6082179999994,-1.0,3582.19209,-1.0,6980.028302000001,7858.794341999999,4613.799393000001,8564.698757999999,-1.0,9475.823483,-1.0,6702.185358999996,-1.0,-1.0,8083.799240999996,-1.0,-1.0,-1.0,-1.0,10247.328654,-1.0,9514.665015999999,-1.0,7888.655695999995,8101.037047999997,-1.0,1272.636265,561.073218,-1.0,-1.0,-1.0,-1.0,-1.0,-1.0,-1.0,-1.0,-1.0,-1.0,-1.0,5784.288311999998,5648.922507999997,-1.0,-1.0,-1.0,-1.0,6564.2951909999965,-1.0,7199.807820999998,-1.0,5556.420985999998,5264.890109999999,5057.048212999999,8742.391565999998,-1.0,-1.0,7542.235593999995,7439.311715999997,8168.050964999998,-1.0,9256.732286999999
2101,-1.0,-1.0,2475.188427,872.6340959999999,-1.0,2910.1474979999994,-1.0,2390.5628960000004,3131.404392,-1.0,2449.176230999999,-1.0,760.7772239999999,-1.0,-1.0,1398.80234,1544.845567,-1.0,-1.0,-1.0,-1.0,-1.0,867.3183670000001,-1.0,3805.7528359999988,-1.0,-1.0,3258.263066,-1.0,6150.146440999998,6767.226147,-1.0,3437.6810459999992,-1.0,5021.877974,5900.6440139999995,4236.0681859999995,2901.3016449999996,-1.0,3679.355952,-1.0,1663.169438,-1.0,-1.0,2287.3317100000004,-1.0,-1.0,-1.0,-1.0,4450.861123,-1.0,3532.590006999999,-1.0,1906.5806870000001,2304.569517,-1.0,6356.610106000001,5878.066790999998,-1.0,-1.0,-1.0,-1.0,-1.0,-1.0,-1.0,-1.0,-1.0,-1.0,-1.0,3040.1786850000003,2808.6597049999987,-1.0,-1.0,-1.0,-1.0,4040.65944,-1.0,4676.17207,-1.0,4252.906617,3460.9076809999992,2784.278508,2945.924035,-1.0,-1.0,1686.6664689999998,4342.644335999999,4772.971443000001,-1.0,3401.163162
2113,1546.935107,1950.7010869999997,-1.0,-1.0,4795.704613000001,-1.0,3054.6741180000004,-1.0,-1.0,3820.5620579999986,-1.0,1861.723834,-1.0,-1.0,1672.4794169999996,-1.0,-1.0,1915.049239,5161.8619949999975,6926.371174999998,6503.160524999997,867.3183670000001,-1.0,2840.2632200000007,-1.0,4541.0046919999995,2742.9313339999994,-1.0,-1.0,-1.0,-1.0,7346.886451000001,-1.0,-1.0,-1.0,-1.0,-1.0,-1.0,-1.0,-1.0,447.79123899999996,-1.0,1356.8716740000002,2249.435342,-1.0,-1.0,-1.0,-1.0,4634.187417000001,-1.0,4840.8774570000005,-1.0,-1.0,-1.0,-1.0,-1.0,-1.0,-1.0,-1.0,-1.0,6005.242769999999,-1.0,-1.0,-1.0,6617.517367999997,1921.0697140000002,-1.0,-1.0,5009.647754999999,-1.0,-1.0,3288.872701,-1.0,-1.0,3292.6789179999996,-1.0,4777.698333999999,-1.0,3922.1079079999986,-1.0,-1.0,-1.0,-1.0,1936.03228,-1.0,-1.0,-1.0,-1.0,-1.0,-1.0
2196,-1.0,-1.0,3388.506674,2521.9258160000004,-1.0,1128.012111,-1.0,4044.196683,5622.786978000001,-1.0,4940.558817,-1.0,3219.4846780000003,-1.0,-1.0,3890.1849260000004,4036.228153,-1.0,-1.0,-1.0,-1.0,-1.0,2840.2632200000007,-1.0,1151.940677,-1.0,-1.0,4863.871018000001,-1.0,8641.529026999997,9258.608732999995,-1.0,5929.063632,-1.0,7513.2605600000015,8392.026599999997,6727.450772000001,3411.4542550000006,-1.0,2705.1514930000003,-1.0,3636.114291,-1.0,-1.0,1780.276437,-1.0,-1.0,-1.0,-1.0,2632.5871309999993,-1.0,878.7778480000001,-1.0,747.2314720000002,1797.514244,-1.0,8847.992692,8369.449376999997,-1.0,-1.0,-1.0,-1.0,-1.0,-1.0,-1.0,-1.0,-1.0,-1.0,-1.0,4817.85275,4416.259050000001,-1.0,-1.0,-1.0,-1.0,5800.139740000001,-1.0,6435.652370000001,-1.0,6023.219566000001,5231.220630000001,4642.120706000001,2637.393268,-1.0,-1.0,2055.354815,6067.65056,6426.60523,-1.0,1886.0000370000002
2245,4689.248113999999,3991.063805,-1.0,-1.0,8091.469064,-1.0,5235.747821999999,-1.0,-1.0,7105.229378000001,-1.0,4956.959376000001,-1.0,-1.0,4936.393795,-1.0,-1.0,5192.339971999999,8446.529315000002,10021.606716999999,9787.827845000003,3805.7528359999988,-1.0,1151.940677,-1.0,7163.827762,5179.320541000001,-1.0,-1.0,-1.0,-1.0,10442.121993,-1.0,-1.0,-1.0,-1.0,-1.0,-1.0,-1.0,-1.0,4109.048607,-1.0,3571.9628440000006,3456.091678,-1.0,-1.0,-1.0,-1.0,6062.546005999999,-1.0,3550.2598369999996,-1.0,-1.0,-1.0,-1.0,-1.0,-1.0,-1.0,-1.0,-1.0,9289.910090000001,-1.0,-1.0,-1.0,9902.184688000001,5216.834164999999,-1.0,-1.0,7594.196128,-1.0,-1.0,5645.028682999999,-1.0,-1.0,5915.501988,-1.0,7400.521403999999,-1.0,6580.478933,-1.0,-1.0,-1.0,-1.0,5350.30846,-1.0,-1.0,-1.0,-1.0,-1.0,-1.0
2593,-1.0,-1.0,6207.0815999999995,4646.8293269999995,-1.0,6337.212844000001,-1.0,3084.5472540000005,4338.416816,-1.0,3939.9870800000003,-1.0,3510.638156,2464.020875,-1.0,3501.705361,2973.0094860000004,-1.0,-1.0,-1.0,-1.0,-1.0,4541.0046919999995,-1.0,7163.827762,-1.0,-1.0,3622.8677059999995,2277.0161759999996,7640.957289999999,8258.036996,-1.0,4928.491894999999,5107.411992000002,6837.666784000001,7716.432824,5726.879035,6639.491900999999,6727.043441000001,7468.939553,-1.0,4776.978502,-1.0,-1.0,6076.915310999999,5872.437827999999,6263.1658659999985,8063.198620000001,-1.0,8075.495290999998,-1.0,6890.664933000001,7113.643652999998,5264.655613000001,6094.153117999999,7924.890097999997,7795.741090999999,7085.079215,6529.791754000001,6076.613206999999,-1.0,3769.7288589999994,3774.6580439999993,3393.3449479999995,-1.0,-1.0,2655.800027,3004.051396,-1.0,3087.351802,2483.477991,-1.0,1636.923528,1125.19214,-1.0,3867.3586810000006,-1.0,4502.871311000001,-1.0,4227.881721000001,3435.8827850000007,2673.5346550000004,6735.507636,-1.0,3213.221094999999,4869.149044000001,4206.773636,3902.393542,5272.638410000001,6612.148440999999
2634,-1.0,-1.0,4409.008241999999,2848.7559689999994,-1.0,4352.705623000001,-1.0,871.0719569999999,3113.678544,-1.0,2439.8849999999998,-1.0,1712.5647980000003,-1.0,-1.0,1852.6100610000003,1448.1609340000005,-1.0,-1.0,-1.0,-1.0,-1.0,2742.9313339999994,-1.0,5179.320541000001,-1.0,-1.0,2063.563373,-1.0,6140.855209999997,6757.934915999999,-1.0,3428.389815,-1.0,5314.557797999999,6193.323838,4226.776954999999,4841.418542999999,-1.0,5670.866194999999,-1.0,2978.905144,-1.0,-1.0,4278.841952999999,-1.0,-1.0,-1.0,-1.0,6442.371365999998,-1.0,4906.157712000002,-1.0,3280.148392000001,4296.079759999999,-1.0,6347.318875,5860.340942999999,-1.0,-1.0,-1.0,-1.0,-1.0,-1.0,-1.0,-1.0,-1.0,-1.0,-1.0,1520.687746,1301.7964310000002,-1.0,-1.0,-1.0,-1.0,2521.168500999999,-1.0,3156.6811309999985,-1.0,3079.9790449999996,2287.9801090000005,1525.6319790000007,4937.434277999999,-1.0,-1.0,2342.6506619999996,2823.153396999999,3253.480504,-1.0,4470.533964000002
2642,5432.485951000003,5612.315928,-1.0,-1.0,6414.8305470000005,-1.0,1988.2436539999999,-1.0,-1.0,4831.297417,-1.0,3875.492869999999,-1.0,-1.0,3068.215136000001,-1.0,-1.0,3245.805636,6271.169684999998,7619.194357999999,7612.468214999996,3258.263066,-1.0,4863.871018000001,-1.0,3622.8677059999995,2063.563373,-1.0,-1.0,-1.0,-1.0,8323.508059,-1.0,-1.0,-1.0,-1.0,-1.0,-1.0,-1.0,-1.0,4126.531329,-1.0,4791.519558000001,5553.566115,-1.0,-1.0,-1.0,-1.0,8134.210505999999,-1.0,6847.083983999999,-1.0,-1.0,-1.0,-1.0,-1.0,-1.0,-1.0,-1.0,-1.0,7114.55046,-1.0,-1.0,-1.0,7726.8250579999985,3550.684285000001,-1.0,-1.0,4745.681732999999,-1.0,-1.0,2386.299080999999,-1.0,-1.0,3028.712896,-1.0,4012.29809,-1.0,3537.0405069999997,-1.0,-1.0,-1.0,-1.0,5345.378923,-1.0,-1.0,-1.0,-1.0,-1.0,-1.0
2686,-1.0,-1.0,-1.0,-1.0,-1.0,-1.0,-1.0,-1.0,-1.0,-1.0,-1.0,2350.821233,-1.0,-1.0,-1.0,-1.0,-1.0,-1.0,-1.0,7071.3791829999955,-1.0,-1.0,-1.0,-1.0,-1.0,2277.0161759999996,-1.0,-1.0,-1.0,-1.0,-1.0,7491.8944589999965,-1.0,-1.0,-1.0,-1.0,-1.0,-1.0,-1.0,-1.0,-1.0,-1.0,-1.0,4456.683754999999,-1.0,-1.0,-1.0,-1.0,-1.0,-1.0,5874.0001139999995,-1.0,-1.0,-1.0,-1.0,-1.0,-1.0,-1.0,-1.0,-1.0,-1.0,-1.0,-1.0,-1.0,-1.0,-1.0,-1.0,-1.0,3937.017654999999,-1.0,-1.0,-1.0,-1.0,-1.0,2320.2648059999997,-1.0,2684.4817960000005,-1.0,-1.0,-1.0,-1.0,-1.0,-1.0,4296.845788999999,-1.0,-1.0,-1.0,-1.0,-1.0,-1.0
2732,7530.860461000002,8089.921109999999,-1.0,-1.0,3827.5487089999997,-1.0,6208.526111999999,-1.0,-1.0,4668.544062000001,-1.0,5879.115512999999,-1.0,-1.0,4985.398063999998,-1.0,-1.0,4676.42441,4314.194664999999,6673.044561999999,3148.1250659999996,6150.146440999998,-1.0,8641.529026999997,-1.0,7640.957289999999,6140.855209999997,-1.0,-1.0,-1.0,-1.0,7528.492187999999,-1.0,-1.0,-1.0,-1.0,-1.0,-1.0,-1.0,-1.0,6694.423412999998,-1.0,7393.103870999997,8098.044062999999,-1.0,-1.0,-1.0,-1.0,10618.112771000004,-1.0,10508.23346,-1.0,-1.0,-1.0,-1.0,-1.0,-1.0,-1.0,-1.0,-1.0,2991.570787,-1.0,-1.0,-1.0,3125.4763749999997,4676.613723999998,-1.0,-1.0,7664.410429999998,-1.0,-1.0,6327.305588999998,-1.0,-1.0,6392.631515999999,-1.0,7877.650931999999,-1.0,6041.289011,-1.0,-1.0,-1.0,-1.0,7156.224192999999,-1.0,-1.0,-1.0,-1.0,-1.0,-1.0
2880,8147.940167000004,8707.000816000002,-1.0,-1.0,4313.571785,-1.0,6825.605818000001,-1.0,-1.0,4626.062286000001,-1.0,6496.195219000001,-1.0,-1.0,5602.47777,-1.0,-1.0,5293.504116000002,4046.6778169999993,6806.420861999999,2880.6082179999994,6767.226147,-1.0,9258.608732999995,-1.0,8258.036996,6757.934915999999,-1.0,-1.0,-1.0,-1.0,7661.868487999999,-1.0,-1.0,-1.0,-1.0,-1.0,-1.0,-1.0,-1.0,7311.503119,-1.0,8010.183576999999,8715.123769000002,-1.0,-1.0,-1.0,-1.0,11235.192477000004,-1.0,11125.313166000004,-1.0,-1.0,-1.0,-1.0,-1.0,-1.0,-1.0,-1.0,-1.0,2724.053939,-1.0,-1.0,-1.0,2857.9595269999995,5293.693430000002,-1.0,-1.0,8281.490136,-1.0,-1.0,6944.385295,-1.0,-1.0,7009.711222000001,-1.0,8494.730638,-1.0,6460.403677000002,-1.0,-1.0,-1.0,-1.0,7773.303899000001,-1.0,-1.0,-1.0,-1.0,-1.0,-1.0
2903,-1.0,-1.0,8863.880987,7278.225136000001,-1.0,9615.507075000001,-1.0,7131.016643000001,5247.116523,-1.0,5396.543917999999,-1.0,7100.440925,7100.095719,-1.0,6704.225544,6502.124743999999,-1.0,-1.0,-1.0,-1.0,-1.0,7346.886451000001,-1.0,10442.121993,-1.0,-1.0,8323.508059,7491.8944589999965,7528.492187999999,7661.868487999999,-1.0,4582.80663,4296.276735,7514.253397,8799.166715,5614.413933,9306.892685,9201.551598,10036.820942,-1.0,8142.737522000001,-1.0,-1.0,9023.413774,8346.945984999997,8737.674022999996,10242.364959000002,-1.0,10692.089510000002,-1.0,10168.959164,10753.798790999997,8542.949844,9040.651581,4376.170228000001,6354.6798069999995,7111.781438,4818.814933,5128.031054000001,-1.0,6969.300757999999,6974.229942999999,6816.762551,-1.0,-1.0,7350.159145000001,7294.268711999999,-1.0,7133.821191000001,6529.9473800000005,-1.0,7390.964561,7196.3500030000005,-1.0,7913.828070000001,-1.0,8549.3407,-1.0,7797.759381,7462.121220999999,6720.004044000001,9591.471060000002,-1.0,6584.737727000002,8156.308216000001,8540.405961,9126.22715,9163.083478,9726.342278
3165,4818.395066000002,5377.455714999999,-1.0,-1.0,1976.0613150000001,-1.0,3496.0607170000007,-1.0,-1.0,1395.989046,-1.0,3166.650118,-1.0,-1.0,2272.9326689999994,-1.0,-1.0,1963.959015,2737.288983,3727.359003999999,3582.19209,3437.6810459999992,-1.0,5929.063632,-1.0,4928.491894999999,3428.389815,-1.0,-1.0,-1.0,-1.0,4582.80663,-1.0,-1.0,-1.0,-1.0,-1.0,-1.0,-1.0,-1.0,3981.958017999999,-1.0,4680.638475999999,5385.578668,-1.0,-1.0,-1.0,-1.0,7905.647376,-1.0,7795.768065000001,-1.0,-1.0,-1.0,-1.0,-1.0,-1.0,-1.0,-1.0,-1.0,2551.8685279999995,-1.0,-1.0,-1.0,3385.5767530000003,2013.695079,-1.0,-1.0,4614.358972,-1.0,-1.0,3556.261293,-1.0,-1.0,3680.1661209999993,-1.0,5165.185536999999,-1.0,2768.7339949999996,-1.0,-1.0,-1.0,-1.0,4443.758798,-1.0,-1.0,-1.0,-1.0,-1.0,-1.0
3195,-1.0,-1.0,-1.0,-1.0,-1.0,-1.0,-1.0,-1.0,-1.0,-1.0,-1.0,2598.421665,-1.0,-1.0,-1.0,-1.0,-1.0,-1.0,-1.0,5078.949461,-1.0,-1.0,-1.0,-1.0,-1.0,5107.411992000002,-1.0,-1.0,-1.0,-1.0,-1.0,4296.276735,-1.0,-1.0,-1.0,-1.0,-1.0,-1.0,-1.0,-1.0,-1.0,-1.0,-1.0,5112.133052000002,-1.0,-1.0,-1.0,-1.0,-1.0,-1.0,7733.21679,-1.0,-1.0,-1.0,-1.0,-1.0,-1.0,-1.0,-1.0,-1.0,-1.0,-1.0,-1.0,-1.0,-1.0,-1.0,-1.0,-1.0,4952.158732000003,-1.0,-1.0,-1.0,-1.0,-1.0,3935.8560170000005,-1.0,5351.899181000003,-1.0,-1.0,-1.0,-1.0,-1.0,-1.0,4176.425904000001,-1.0,-1.0,-1.0,-1.0,-1.0,-1.0
3254,6145.330949,6227.61174,-1.0,-1.0,3318.563688,-1.0,5382.228700000001,-1.0,-1.0,4324.054069999999,-1.0,4793.942241000001,-1.0,-1.0,4018.0928620000004,-1.0,-1.0,3742.7570840000003,5665.354006999997,7064.953049,6980.028302000001,5021.877974,-1.0,7513.2605600000015,-1.0,6837.666784000001,5314.557797999999,-1.0,-1.0,-1.0,-1.0,7514.253397,-1.0,-1.0,-1.0,-1.0,-1.0,-1.0,-1.0,-1.0,5555.057814999999,-1.0,6264.835403999999,7012.870791000001,-1.0,-1.0,-1.0,-1.0,8755.803401,-1.0,9423.060188000003,-1.0,-1.0,-1.0,-1.0,-1.0,-1.0,-1.0,-1.0,-1.0,5949.704740000002,-1.0,-1.0,-1.0,6783.4129649999995,3476.6902450000002,-1.0,-1.0,6858.408912000001,-1.0,-1.0,5582.955620999999,-1.0,-1.0,5589.341010000001,-1.0,7074.360426000001,-1.0,5670.960716999999,-1.0,-1.0,-1.0,-1.0,6071.050921000001,-1.0,-1.0,-1.0,-1.0,-1.0,-1.0
3304,6027.553873,6109.834664,-1.0,-1.0,3200.7866120000003,-1.0,6260.994740000002,-1.0,-1.0,5202.820109999999,-1.0,5672.708281,-1.0,-1.0,4896.858901999999,-1.0,-1.0,4621.523124000001,6544.120046999997,7943.719088999998,7858.794341999999,5900.6440139999995,-1.0,8392.026599999997,-1.0,7716.432824,6193.323838,-1.0,-1.0,-1.0,-1.0,8799.166715,-1.0,-1.0,-1.0,-1.0,-1.0,-1.0,-1.0,-1.0,6433.823855,-1.0,6381.308792000001,7891.636831,-1.0,-1.0,-1.0,-1.0,8638.026324999999,-1.0,10301.826228000002,-1.0,-1.0,-1.0,-1.0,-1.0,-1.0,-1.0,-1.0,-1.0,6828.470780000001,-1.0,-1.0,-1.0,7662.179004999998,4355.456285,-1.0,-1.0,7737.174952,-1.0,-1.0,6461.721661000001,-1.0,-1.0,6468.1070500000005,-1.0,7953.126466000001,-1.0,6549.7267569999985,-1.0,-1.0,-1.0,-1.0,6949.816961,-1.0,-1.0,-1.0,-1.0,-1.0,-1.0
3329,5616.7822060000035,6175.842855000001,-1.0,-1.0,1278.8350779999998,-1.0,4294.447857000001,-1.0,-1.0,2754.465807,-1.0,3965.0372580000003,-1.0,-1.0,3071.3198089999996,-1.0,-1.0,2762.346155,4095.7657440000003,4758.966306999999,4613.799393000001,4236.0681859999995,-1.0,6727.450772000001,-1.0,5726.879035,4226.776954999999,-1.0,-1.0,-1.0,-1.0,5614.413933,-1.0,-1.0,-1.0,-1.0,-1.0,-1.0,-1.0,-1.0,4780.345157999998,-1.0,5479.025615999998,6183.965808000001,-1.0,-1.0,-1.0,-1.0,8704.034516,-1.0,8594.155205000003,-1.0,-1.0,-1.0,-1.0,-1.0,-1.0,-1.0,-1.0,-1.0,3583.475831,-1.0,-1.0,-1.0,4417.184056,2762.535469,-1.0,-1.0,5750.332175,-1.0,-1.0,4413.227334,-1.0,-1.0,4478.553260999999,-1.0,5963.572676999999,-1.0,4127.210756,-1.0,-1.0,-1.0,-1.0,5242.145938000001,-1.0,-1.0,-1.0,-1.0,-1.0,-1.0
3473,1601.3856200000002,844.6639779999999,-1.0,-1.0,6857.242846,-1.0,5153.161327,-1.0,-1.0,5882.100291000002,-1.0,3821.730068,-1.0,-1.0,3734.01765,-1.0,-1.0,3976.5874719999993,7223.4002279999995,8886.377408999997,8564.698757999999,2901.3016449999996,-1.0,3411.4542550000006,-1.0,6639.491900999999,4841.418542999999,-1.0,-1.0,-1.0,-1.0,9306.892685,-1.0,-1.0,-1.0,-1.0,-1.0,-1.0,-1.0,-1.0,2397.306764,-1.0,1500.912235,3041.209774,-1.0,-1.0,-1.0,-1.0,2347.38307,-1.0,5323.105948,-1.0,-1.0,-1.0,-1.0,-1.0,-1.0,-1.0,-1.0,-1.0,8066.781003000002,-1.0,-1.0,-1.0,8679.055601,3982.607946999999,-1.0,-1.0,7108.134963999999,-1.0,-1.0,5387.359909999999,-1.0,-1.0,5391.166126999999,-1.0,6876.185542999999,-1.0,6000.3921740000005,-1.0,-1.0,-1.0,-1.0,3896.038514,-1.0,-1.0,-1.0,-1.0,-1.0,-1.0
3659,-1.0,-1.0,-1.0,-1.0,-1.0,-1.0,-1.0,-1.0,-1.0,-1.0,-1.0,3716.388980999999,-1.0,-1.0,-1.0,-1.0,-1.0,-1.0,-1.0,8781.036321999998,-1.0,-1.0,-1.0,-1.0,-1.0,6727.043441000001,-1.0,-1.0,-1.0,-1.0,-1.0,9201.551598,-1.0,-1.0,-1.0,-1.0,-1.0,-1.0,-1.0,-1.0,-1.0,-1.0,-1.0,1965.2448420000003,-1.0,-1.0,-1.0,-1.0,-1.0,-1.0,2999.0454199999995,-1.0,-1.0,-1.0,-1.0,-1.0,-1.0,-1.0,-1.0,-1.0,-1.0,-1.0,-1.0,-1.0,-1.0,-1.0,-1.0,-1.0,7219.4358919999995,-1.0,-1.0,-1.0,-1.0,-1.0,5802.623873,-1.0,7063.1366240000025,-1.0,-1.0,-1.0,-1.0,-1.0,-1.0,3505.9641109999984,-1.0,-1.0,-1.0,-1.0,-1.0,-1.0
3683,3471.6754199999996,2510.3333230000003,-1.0,-1.0,7779.464701999999,-1.0,5977.8069319999995,-1.0,-1.0,6793.225016,-1.0,4551.658324999999,-1.0,-1.0,4624.389432999999,-1.0,-1.0,4880.335609999998,8134.524952999998,9616.305665999998,9475.823483,3679.355952,-1.0,2705.1514930000003,-1.0,7468.939553,5670.866194999999,-1.0,-1.0,-1.0,-1.0,10036.820942,-1.0,-1.0,-1.0,-1.0,-1.0,-1.0,-1.0,-1.0,3703.8883520000004,-1.0,2807.4938230000007,2610.061042,-1.0,-1.0,-1.0,-1.0,4322.816723000001,-1.0,2866.0063419999997,-1.0,-1.0,-1.0,-1.0,-1.0,-1.0,-1.0,-1.0,-1.0,8977.905728000002,-1.0,-1.0,-1.0,9590.180325999998,4904.829802999999,-1.0,-1.0,7926.0402749999985,-1.0,-1.0,6216.807562,-1.0,-1.0,6220.613778999999,-1.0,7705.633194999999,-1.0,6850.0427690000015,-1.0,-1.0,-1.0,-1.0,4504.277824,-1.0,-1.0,-1.0,-1.0,-1.0,-1.0
3744,-1.0,-1.0,1777.587961,600.2777229999999,-1.0,2971.2015349999997,-1.0,3258.831159000001,3675.6813639999996,-1.0,2993.4532029999987,-1.0,1230.9219179999998,-1.0,-1.0,1931.9821810000003,2096.4991260000006,-1.0,-1.0,-1.0,-1.0,-1.0,447.79123899999996,-1.0,4109.048607,-1.0,-1.0,4126.531329,-1.0,6694.423412999998,7311.503119,-1.0,3981.958017999999,-1.0,5555.057814999999,6433.823855,4780.345157999998,2397.306764,-1.0,3703.8883520000004,-1.0,838.820483,-1.0,-1.0,2311.86411,-1.0,-1.0,-1.0,-1.0,4511.91516,-1.0,3835.885778,-1.0,2209.8764579999997,2329.101917,-1.0,6900.887078000001,6422.343762999998,-1.0,-1.0,-1.0,-1.0,-1.0,-1.0,-1.0,-1.0,-1.0,-1.0,-1.0,3908.4469480000007,3386.6289059999995,-1.0,-1.0,-1.0,-1.0,4770.509596000001,-1.0,5406.022226000001,-1.0,4830.8758179999995,4038.876882,3362.247709,2970.4564349999996,-1.0,-1.0,2594.897452,5210.912599,5641.239706000002,-1.0,4309.394144999999
3749,1024.568758,1583.629407,-1.0,-1.0,4994.729447,-1.0,3290.647928000001,-1.0,-1.0,4019.586891999999,-1.0,2657.574905,-1.0,-1.0,1871.5042509999996,-1.0,-1.0,2114.0740729999998,5360.886828999997,7418.559440999999,6702.185358999996,1663.169438,-1.0,3636.114291,-1.0,4776.978502,2978.905144,-1.0,-1.0,-1.0,-1.0,8142.737522000001,-1.0,-1.0,-1.0,-1.0,-1.0,-1.0,-1.0,-1.0,838.820483,-1.0,1458.0021890000003,3045.286413,-1.0,-1.0,-1.0,-1.0,4111.821068,-1.0,5636.728528,-1.0,-1.0,-1.0,-1.0,-1.0,-1.0,-1.0,-1.0,-1.0,6204.267604,-1.0,-1.0,-1.0,6816.542201999998,2120.094548,-1.0,-1.0,5245.6215649999995,-1.0,-1.0,3524.846511,-1.0,-1.0,3528.652728,-1.0,5013.672144,-1.0,4137.878774999999,-1.0,-1.0,-1.0,-1.0,2731.883351,-1.0,-1.0,-1.0,-1.0,-1.0,-1.0
3822,-1.0,-1.0,972.6980810000001,926.280509,-1.0,2113.199134,-1.0,3923.819388000001,4374.361822,-1.0,3692.133661,-1.0,1971.0595219999998,-1.0,-1.0,2641.75977,2787.802997,-1.0,-1.0,-1.0,-1.0,-1.0,1356.8716740000002,-1.0,3571.9628440000006,-1.0,-1.0,4791.519558000001,-1.0,7393.103870999997,8010.183576999999,-1.0,4680.638475999999,-1.0,6264.835403999999,6381.308792000001,5479.025615999998,1500.912235,-1.0,2807.4938230000007,-1.0,1458.0021890000003,-1.0,-1.0,1415.4695809999998,-1.0,-1.0,-1.0,-1.0,3653.9127590000003,-1.0,3126.9768290000006,-1.0,1932.198455,1432.7073879999998,-1.0,7599.567536,7121.024220999997,-1.0,-1.0,-1.0,-1.0,-1.0,-1.0,-1.0,-1.0,-1.0,-1.0,-1.0,4573.435176999999,4051.617134999999,-1.0,-1.0,-1.0,-1.0,5435.4978249999995,-1.0,6071.010454999999,-1.0,5495.864046999997,4703.865110999999,4027.235938,2074.061906,-1.0,-1.0,2827.0959230000003,5875.900827999998,6306.227935,-1.0,4362.175543000001
3874,-1.0,-1.0,3358.589813,2180.774027,-1.0,2295.9467950000003,-1.0,4685.865945,5068.204883,-1.0,4397.073853,-1.0,2975.879012,3337.8710630000005,-1.0,3714.074461,3748.142867,-1.0,-1.0,-1.0,-1.0,-1.0,2249.435342,-1.0,3456.091678,-1.0,-1.0,5553.566115,4456.683754999999,8098.044062999999,8715.123769000002,-1.0,5385.578668,5112.133052000002,7012.870791000001,7891.636831,6183.965808000001,3041.209774,1965.2448420000003,2610.061042,-1.0,3045.286413,-1.0,-1.0,1750.3595760000003,1084.353188,1475.0812260000002,3311.0619449999995,-1.0,3265.32961,-1.0,3011.1056630000003,4031.8177890000006,2834.945738,1767.5973830000003,8816.102320999997,8304.507728000002,7814.867282,7421.003976999999,6967.825429999998,-1.0,6192.515963999999,6197.445148999999,5879.200021,-1.0,-1.0,5956.235838999999,5900.345405999997,-1.0,5295.088999999998,4691.215188999999,-1.0,5640.199272,5133.111147,-1.0,6075.095878999999,-1.0,6710.608508999999,-1.0,6435.618918999999,5643.619982999999,4881.271852999998,2164.7111600000003,-1.0,2485.346735,3608.1391489999996,6637.9473849999995,7068.2744920000005,3570.171725,4828.391552
3922,2532.7548509999992,1726.9119099999998,-1.0,-1.0,6387.440460000001,-1.0,4585.78269,-1.0,-1.0,5401.200774,-1.0,3538.2511569999997,-1.0,-1.0,3232.365191,-1.0,-1.0,3488.3113679999997,6742.500710999998,8602.898497999999,8083.799240999996,2287.3317100000004,-1.0,1780.276437,-1.0,6076.915310999999,4278.841952999999,-1.0,-1.0,-1.0,-1.0,9023.413774,-1.0,-1.0,-1.0,-1.0,-1.0,-1.0,-1.0,-1.0,2311.86411,-1.0,1415.4695809999998,1750.3595760000003,-1.0,-1.0,-1.0,-1.0,3744.0018490000007,-1.0,3776.4071580000004,-1.0,-1.0,-1.0,-1.0,-1.0,-1.0,-1.0,-1.0,-1.0,7585.881486,-1.0,-1.0,-1.0,8198.156083999998,3512.805561,-1.0,-1.0,6545.558373999998,-1.0,-1.0,4824.78332,-1.0,-1.0,4828.589536999999,-1.0,6313.608952999999,-1.0,5458.018527,-1.0,-1.0,-1.0,-1.0,3615.4789889999997,-1.0,-1.0,-1.0,-1.0,-1.0,-1.0
3944,-1.0,-1.0,-1.0,-1.0,-1.0,-1.0,-1.0,-1.0,-1.0,-1.0,-1.0,2861.7833680000003,-1.0,-1.0,-1.0,-1.0,-1.0,-1.0,-1.0,7926.430708999996,-1.0,-1.0,-1.0,-1.0,-1.0,5872.437827999999,-1.0,-1.0,-1.0,-1.0,-1.0,8346.945984999997,-1.0,-1.0,-1.0,-1.0,-1.0,-1.0,-1.0,-1.0,-1.0,-1.0,-1.0,1084.353188,-1.0,-1.0,-1.0,-1.0,-1.0,-1.0,3260.444457999999,-1.0,-1.0,-1.0,-1.0,-1.0,-1.0,-1.0,-1.0,-1.0,-1.0,-1.0,-1.0,-1.0,-1.0,-1.0,-1.0,-1.0,6364.830278999997,-1.0,-1.0,-1.0,-1.0,-1.0,4948.018259999998,-1.0,6208.531011,-1.0,-1.0,-1.0,-1.0,-1.0,-1.0,2943.5282949999996,-1.0,-1.0,-1.0,-1.0,-1.0,-1.0
3948,-1.0,-1.0,-1.0,-1.0,-1.0,-1.0,-1.0,-1.0,-1.0,-1.0,-1.0,3252.5114060000005,-1.0,-1.0,-1.0,-1.0,-1.0,-1.0,-1.0,8317.158746999994,-1.0,-1.0,-1.0,-1.0,-1.0,6263.1658659999985,-1.0,-1.0,-1.0,-1.0,-1.0,8737.674022999996,-1.0,-1.0,-1.0,-1.0,-1.0,-1.0,-1.0,-1.0,-1.0,-1.0,-1.0,1475.0812260000002,-1.0,-1.0,-1.0,-1.0,-1.0,-1.0,3651.1724959999992,-1.0,-1.0,-1.0,-1.0,-1.0,-1.0,-1.0,-1.0,-1.0,-1.0,-1.0,-1.0,-1.0,-1.0,-1.0,-1.0,-1.0,6755.558316999996,-1.0,-1.0,-1.0,-1.0,-1.0,5338.746297999997,-1.0,6599.259048999999,-1.0,-1.0,-1.0,-1.0,-1.0,-1.0,3008.550526999999,-1.0,-1.0,-1.0,-1.0,-1.0,-1.0
3964,-1.0,-1.0,-1.0,-1.0,-1.0,-1.0,-1.0,-1.0,-1.0,-1.0,-1.0,4956.030643000001,-1.0,-1.0,-1.0,-1.0,-1.0,-1.0,-1.0,9821.849683,-1.0,-1.0,-1.0,-1.0,-1.0,8063.198620000001,-1.0,-1.0,-1.0,-1.0,-1.0,10242.364959000002,-1.0,-1.0,-1.0,-1.0,-1.0,-1.0,-1.0,-1.0,-1.0,-1.0,-1.0,3311.0619449999995,-1.0,-1.0,-1.0,-1.0,-1.0,-1.0,6755.575606,-1.0,-1.0,-1.0,-1.0,-1.0,-1.0,-1.0,-1.0,-1.0,-1.0,-1.0,-1.0,-1.0,-1.0,-1.0,-1.0,-1.0,8321.723382999999,-1.0,-1.0,-1.0,-1.0,-1.0,6925.114307000001,-1.0,8307.685808999999,-1.0,-1.0,-1.0,-1.0,-1.0,-1.0,3542.2916209999994,-1.0,-1.0,-1.0,-1.0,-1.0,-1.0
3968,-1.0,-1.0,2997.893527,4268.9714570000015,-1.0,4642.2878740000015,-1.0,7266.510336,7599.370722000001,-1.0,6917.142561,-1.0,5293.777127,-1.0,-1.0,5855.671539000002,6020.188484000002,-1.0,-1.0,-1.0,-1.0,-1.0,4634.187417000001,-1.0,6062.546005999999,-1.0,-1.0,8134.210505999999,-1.0,10618.112771000004,11235.192477000004,-1.0,7905.647376,-1.0,8755.803401,8638.026324999999,8704.034516,2347.38307,-1.0,4322.816723000001,-1.0,4111.821068,-1.0,-1.0,3744.0018490000007,-1.0,-1.0,-1.0,-1.0,5871.783937999999,-1.0,5617.559990999998,-1.0,5091.42178,3761.2396560000007,-1.0,10824.576436000005,10346.033121,-1.0,-1.0,-1.0,-1.0,-1.0,-1.0,-1.0,-1.0,-1.0,-1.0,-1.0,7916.126124999998,7358.303108,-1.0,-1.0,-1.0,-1.0,8742.183797999998,-1.0,9377.696428000001,-1.0,8782.347076999999,7990.348141,7313.718968,4001.476752000001,-1.0,-1.0,6105.539355000001,9218.591775999996,9648.918883,-1.0,7186.139255000002
4092,4771.198028999999,3954.707418,-1.0,-1.0,8550.969872999996,-1.0,6482.212900999999,-1.0,-1.0,7564.730186999999,-1.0,5206.926893,-1.0,-1.0,5395.894603999998,-1.0,-1.0,5651.840780999997,8906.030123999999,10271.574233999998,10247.328654,4450.861123,-1.0,2632.5871309999993,-1.0,8075.495290999998,6442.371365999998,-1.0,-1.0,-1.0,-1.0,10692.089510000002,-1.0,-1.0,-1.0,-1.0,-1.0,-1.0,-1.0,-1.0,4511.91516,-1.0,3653.9127590000003,3265.32961,-1.0,-1.0,-1.0,-1.0,5871.783937999999,-1.0,3218.813104,-1.0,-1.0,-1.0,-1.0,-1.0,-1.0,-1.0,-1.0,-1.0,9749.410898999999,-1.0,-1.0,-1.0,10361.685496999999,5676.334973999998,-1.0,-1.0,8581.308842999999,-1.0,-1.0,6891.493761999998,-1.0,-1.0,6992.118949999998,-1.0,8477.138366,-1.0,7621.54794,-1.0,-1.0,-1.0,-1.0,5159.546392,-1.0,-1.0,-1.0,-1.0,-1.0,-1.0
4103,-1.0,-1.0,5300.158367,4642.657722,-1.0,3622.4328769999997,-1.0,6017.504212,7478.394280000002,-1.0,6807.263250000002,-1.0,5443.082672,4715.752903999999,-1.0,6105.394931,6158.3322640000015,-1.0,-1.0,-1.0,-1.0,-1.0,4840.8774570000005,-1.0,3550.2598369999996,-1.0,-1.0,6847.083983999999,5874.0001139999995,10508.23346,11125.313166000004,-1.0,7795.768065000001,7733.21679,9423.060188000003,10301.826228000002,8594.155205000003,5323.105948,2999.0454199999995,2866.0063419999997,-1.0,5636.728528,-1.0,-1.0,3776.4071580000004,3260.444457999999,3651.1724959999992,6755.575606,-1.0,3218.813104,-1.0,3860.796821,714.603761,4566.935227,3793.6449650000004,11437.186059000001,10714.697125000002,10225.056679000001,10042.087714999998,9588.909167999998,-1.0,8155.598033000002,8160.527218000002,7779.214122000003,-1.0,-1.0,7814.930992000001,7800.359507,-1.0,6749.185756000001,6271.866352,-1.0,7377.499769000001,6788.519079,-1.0,7655.747042000001,-1.0,8291.259672,-1.0,7878.826868,7086.827932,6497.728008,3945.8294109999997,-1.0,4552.867992,3987.783448,8040.958089,8399.912759,1991.934767,5005.471655
4129,4244.262099,3546.0777899999994,-1.0,-1.0,7818.306234999999,-1.0,4962.584993,-1.0,-1.0,6832.066549,-1.0,4683.796547,-1.0,-1.0,4663.230965999999,-1.0,-1.0,4919.177142999998,8173.366485999998,9748.443887999998,9514.665015999999,3532.590006999999,-1.0,878.7778480000001,-1.0,6890.664933000001,4906.157712000002,-1.0,-1.0,-1.0,-1.0,10168.959164,-1.0,-1.0,-1.0,-1.0,-1.0,-1.0,-1.0,-1.0,3835.885778,-1.0,3126.9768290000006,3011.1056630000003,-1.0,-1.0,-1.0,-1.0,5617.559990999998,-1.0,3860.796821,-1.0,-1.0,-1.0,-1.0,-1.0,-1.0,-1.0,-1.0,-1.0,9016.747261,-1.0,-1.0,-1.0,9629.021858999997,4943.6713359999985,-1.0,-1.0,7321.033299000001,-1.0,-1.0,5371.865854,-1.0,-1.0,5642.339159,-1.0,7127.358575,-1.0,6307.316104000001,-1.0,-1.0,-1.0,-1.0,4905.322445,-1.0,-1.0,-1.0,-1.0,-1.0,-1.0
4136,-1.0,-1.0,-1.0,-1.0,-1.0,-1.0,-1.0,-1.0,-1.0,-1.0,-1.0,5268.636173999998,-1.0,-1.0,-1.0,-1.0,-1.0,-1.0,-1.0,10333.283514999996,-1.0,-1.0,-1.0,-1.0,-1.0,7113.643652999998,-1.0,-1.0,-1.0,-1.0,-1.0,10753.798790999997,-1.0,-1.0,-1.0,-1.0,-1.0,-1.0,-1.0,-1.0,-1.0,-1.0,-1.0,4031.8177890000006,-1.0,-1.0,-1.0,-1.0,-1.0,-1.0,714.603761,-1.0,-1.0,-1.0,-1.0,-1.0,-1.0,-1.0,-1.0,-1.0,-1.0,-1.0,-1.0,-1.0,-1.0,-1.0,-1.0,-1.0,8050.613448000001,-1.0,-1.0,-1.0,-1.0,-1.0,6471.087825000001,-1.0,7521.109272999999,-1.0,-1.0,-1.0,-1.0,-1.0,-1.0,5875.412926000001,-1.0,-1.0,-1.0,-1.0,-1.0,-1.0
4292,3058.797813999999,2688.6950669999997,-1.0,-1.0,6192.296915000001,-1.0,3336.5756730000003,-1.0,-1.0,5206.057228999999,-1.0,3057.787227,-1.0,-1.0,3037.2216459999995,-1.0,-1.0,3293.1678229999993,6547.357165999997,8122.434567999998,7888.655695999995,1906.5806870000001,-1.0,747.2314720000002,-1.0,5264.655613000001,3280.148392000001,-1.0,-1.0,-1.0,-1.0,8542.949844,-1.0,-1.0,-1.0,-1.0,-1.0,-1.0,-1.0,-1.0,2209.8764579999997,-1.0,1932.198455,2834.945738,-1.0,-1.0,-1.0,-1.0,5091.42178,-1.0,4566.935227,-1.0,-1.0,-1.0,-1.0,-1.0,-1.0,-1.0,-1.0,-1.0,7390.737940999999,-1.0,-1.0,-1.0,8003.012538999998,3317.6620159999998,-1.0,-1.0,5695.0239790000005,-1.0,-1.0,3745.8565339999996,-1.0,-1.0,4016.329839,-1.0,5501.349255,-1.0,4681.306784000001,-1.0,-1.0,-1.0,-1.0,3482.286729,-1.0,-1.0,-1.0,-1.0,-1.0,-1.0
4337,2549.992657999999,1744.1497169999998,-1.0,-1.0,6404.678267000001,-1.0,4603.0204969999995,-1.0,-1.0,5418.438581,-1.0,3555.488964,-1.0,-1.0,3249.602998,-1.0,-1.0,3505.5491749999997,6759.738517999998,8620.136304999998,8101.037047999997,2304.569517,-1.0,1797.514244,-1.0,6094.153117999999,4296.079759999999,-1.0,-1.0,-1.0,-1.0,9040.651581,-1.0,-1.0,-1.0,-1.0,-1.0,-1.0,-1.0,-1.0,2329.101917,-1.0,1432.7073879999998,1767.5973830000003,-1.0,-1.0,-1.0,-1.0,3761.2396560000007,-1.0,3793.6449650000004,-1.0,-1.0,-1.0,-1.0,-1.0,-1.0,-1.0,-1.0,-1.0,7603.119293000001,-1.0,-1.0,-1.0,8215.393891,3530.043368,-1.0,-1.0,6562.796180999999,-1.0,-1.0,4842.021126999999,-1.0,-1.0,4845.827343999999,-1.0,6330.8467599999985,-1.0,5475.256334,-1.0,-1.0,-1.0,-1.0,3632.7167959999997,-1.0,-1.0,-1.0,-1.0,-1.0,-1.0
4380,-1.0,-1.0,-1.0,-1.0,-1.0,-1.0,-1.0,-1.0,-1.0,-1.0,-1.0,6302.390933999998,-1.0,-1.0,-1.0,-1.0,-1.0,-1.0,-1.0,2384.2355580000003,-1.0,-1.0,-1.0,-1.0,-1.0,7924.890097999997,-1.0,-1.0,-1.0,-1.0,-1.0,4376.170228000001,-1.0,-1.0,-1.0,-1.0,-1.0,-1.0,-1.0,-1.0,-1.0,-1.0,-1.0,8816.102320999997,-1.0,-1.0,-1.0,-1.0,-1.0,-1.0,11437.186059000001,-1.0,-1.0,-1.0,-1.0,-1.0,-1.0,-1.0,-1.0,-1.0,-1.0,-1.0,-1.0,-1.0,-1.0,-1.0,-1.0,-1.0,7040.526165999999,-1.0,-1.0,-1.0,-1.0,-1.0,6459.496818999999,-1.0,7776.816902999996,-1.0,-1.0,-1.0,-1.0,-1.0,-1.0,7917.711572999996,-1.0,-1.0,-1.0,-1.0,-1.0,-1.0
4429,7737.324126000005,8296.384775000004,-1.0,-1.0,4699.764958000001,-1.0,6410.274394,-1.0,-1.0,3318.8736049999993,-1.0,5804.404603999999,-1.0,-1.0,5191.861729000001,-1.0,-1.0,4882.888075000003,2584.4117159999996,5499.232180999999,1272.636265,6356.610106000001,-1.0,8847.992692,-1.0,7795.741090999999,6347.318875,-1.0,-1.0,-1.0,-1.0,6354.6798069999995,-1.0,-1.0,-1.0,-1.0,-1.0,-1.0,-1.0,-1.0,6900.887078000001,-1.0,7599.567536,8304.507728000002,-1.0,-1.0,-1.0,-1.0,10824.576436000005,-1.0,10714.697125000002,-1.0,-1.0,-1.0,-1.0,-1.0,-1.0,-1.0,-1.0,-1.0,1416.865258,-1.0,-1.0,-1.0,1249.987574,4932.624139000002,-1.0,-1.0,7122.307543000001,-1.0,-1.0,6180.649848,-1.0,-1.0,6330.347812,-1.0,7647.667895999999,-1.0,5153.214996,-1.0,-1.0,-1.0,-1.0,7362.687858000002,-1.0,-1.0,-1.0,-1.0,-1.0,-1.0
4476,7258.780811000002,7817.84146,-1.0,-1.0,5456.866589,-1.0,5688.938219,-1.0,-1.0,2582.407316,-1.0,5595.9387320000005,-1.0,-1.0,4713.3184139999985,-1.0,-1.0,4404.34476,1074.8607390000002,6256.333811999999,561.073218,5878.066790999998,-1.0,8369.449376999997,-1.0,7085.079215,5860.340942999999,-1.0,-1.0,-1.0,-1.0,7111.781438,-1.0,-1.0,-1.0,-1.0,-1.0,-1.0,-1.0,-1.0,6422.343762999998,-1.0,7121.024220999997,7814.867282,-1.0,-1.0,-1.0,-1.0,10346.033121,-1.0,10225.056679000001,-1.0,-1.0,-1.0,-1.0,-1.0,-1.0,-1.0,-1.0,-1.0,1682.4789600000001,-1.0,-1.0,-1.0,819.904529,4454.080824000001,-1.0,-1.0,6756.854816,-1.0,-1.0,5459.313673000001,-1.0,-1.0,5836.753441,-1.0,7312.113920000001,-1.0,4416.748706999999,-1.0,-1.0,-1.0,-1.0,6884.1445429999985,-1.0,-1.0,-1.0,-1.0,-1.0,-1.0
4542,-1.0,-1.0,-1.0,-1.0,-1.0,-1.0,-1.0,-1.0,-1.0,-1.0,-1.0,4907.29259,-1.0,-1.0,-1.0,-1.0,-1.0,-1.0,-1.0,1177.0015899999999,-1.0,-1.0,-1.0,-1.0,-1.0,6529.791754000001,-1.0,-1.0,-1.0,-1.0,-1.0,4818.814933,-1.0,-1.0,-1.0,-1.0,-1.0,-1.0,-1.0,-1.0,-1.0,-1.0,-1.0,7421.003976999999,-1.0,-1.0,-1.0,-1.0,-1.0,-1.0,10042.087714999998,-1.0,-1.0,-1.0,-1.0,-1.0,-1.0,-1.0,-1.0,-1.0,-1.0,-1.0,-1.0,-1.0,-1.0,-1.0,-1.0,-1.0,5660.557936,-1.0,-1.0,-1.0,-1.0,-1.0,5064.398475,-1.0,6381.718559000001,-1.0,-1.0,-1.0,-1.0,-1.0,-1.0,6522.613229000001,-1.0,-1.0,-1.0,-1.0,-1.0,-1.0
4642,-1.0,-1.0,-1.0,-1.0,-1.0,-1.0,-1.0,-1.0,-1.0,-1.0,-1.0,4454.114042999999,-1.0,-1.0,-1.0,-1.0,-1.0,-1.0,-1.0,1172.040943,-1.0,-1.0,-1.0,-1.0,-1.0,6076.613206999999,-1.0,-1.0,-1.0,-1.0,-1.0,5128.031054000001,-1.0,-1.0,-1.0,-1.0,-1.0,-1.0,-1.0,-1.0,-1.0,-1.0,-1.0,6967.825429999998,-1.0,-1.0,-1.0,-1.0,-1.0,-1.0,9588.909167999998,-1.0,-1.0,-1.0,-1.0,-1.0,-1.0,-1.0,-1.0,-1.0,-1.0,-1.0,-1.0,-1.0,-1.0,-1.0,-1.0,-1.0,5207.379388999999,-1.0,-1.0,-1.0,-1.0,-1.0,4611.219927999999,-1.0,5928.5400119999995,-1.0,-1.0,-1.0,-1.0,-1.0,-1.0,6069.434682,-1.0,-1.0,-1.0,-1.0,-1.0,-1.0
4705,-1.0,-1.0,7634.370702000001,6155.795502,-1.0,8208.697274,-1.0,5922.059044,2515.1824349999993,-1.0,3197.410596,-1.0,5019.604331,-1.0,-1.0,4598.3266140000005,4302.991422,-1.0,-1.0,-1.0,-1.0,-1.0,6005.242769999999,-1.0,9289.910090000001,-1.0,-1.0,7114.55046,-1.0,2991.570787,2724.053939,-1.0,2551.8685279999995,-1.0,5949.704740000002,6828.470780000001,3583.475831,8066.781003000002,-1.0,8977.905728000002,-1.0,6204.267604,-1.0,-1.0,7585.881486,-1.0,-1.0,-1.0,-1.0,9749.410898999999,-1.0,9016.747261,-1.0,7390.737940999999,7603.119293000001,-1.0,1416.865258,1682.4789600000001,-1.0,-1.0,-1.0,-1.0,-1.0,-1.0,-1.0,-1.0,-1.0,-1.0,-1.0,5286.370557,5151.004752999999,-1.0,-1.0,-1.0,-1.0,6066.377436000001,-1.0,6701.890066000001,-1.0,5073.633345,4782.102469,4559.1304580000005,8244.473811000002,-1.0,-1.0,7044.3178389999985,6941.393961000001,7670.133210000002,-1.0,8758.814532000002
4745,-1.0,-1.0,-1.0,-1.0,-1.0,-1.0,-1.0,-1.0,-1.0,-1.0,-1.0,3678.8045769999994,-1.0,-1.0,-1.0,-1.0,-1.0,-1.0,-1.0,4890.555433,-1.0,-1.0,-1.0,-1.0,-1.0,3769.7288589999994,-1.0,-1.0,-1.0,-1.0,-1.0,6969.300757999999,-1.0,-1.0,-1.0,-1.0,-1.0,-1.0,-1.0,-1.0,-1.0,-1.0,-1.0,6192.515963999999,-1.0,-1.0,-1.0,-1.0,-1.0,-1.0,8155.598033000002,-1.0,-1.0,-1.0,-1.0,-1.0,-1.0,-1.0,-1.0,-1.0,-1.0,-1.0,-1.0,-1.0,-1.0,-1.0,-1.0,-1.0,2220.03941,-1.0,-1.0,-1.0,-1.0,-1.0,2309.829997,-1.0,3621.6556639999994,-1.0,-1.0,-1.0,-1.0,-1.0,-1.0,5510.361978999999,-1.0,-1.0,-1.0,-1.0,-1.0,-1.0
4756,-1.0,-1.0,-1.0,-1.0,-1.0,-1.0,-1.0,-1.0,-1.0,-1.0,-1.0,3683.7337619999994,-1.0,-1.0,-1.0,-1.0,-1.0,-1.0,-1.0,5126.891964,-1.0,-1.0,-1.0,-1.0,-1.0,3774.6580439999993,-1.0,-1.0,-1.0,-1.0,-1.0,6974.229942999999,-1.0,-1.0,-1.0,-1.0,-1.0,-1.0,-1.0,-1.0,-1.0,-1.0,-1.0,6197.445148999999,-1.0,-1.0,-1.0,-1.0,-1.0,-1.0,8160.527218000002,-1.0,-1.0,-1.0,-1.0,-1.0,-1.0,-1.0,-1.0,-1.0,-1.0,-1.0,-1.0,-1.0,-1.0,-1.0,-1.0,-1.0,2224.968595,-1.0,-1.0,-1.0,-1.0,-1.0,2314.759182,-1.0,3626.5848489999994,-1.0,-1.0,-1.0,-1.0,-1.0,-1.0,5515.291163999999,-1.0,-1.0,-1.0,-1.0,-1.0,-1.0
4817,-1.0,-1.0,-1.0,-1.0,-1.0,-1.0,-1.0,-1.0,-1.0,-1.0,-1.0,3365.488634,-1.0,-1.0,-1.0,-1.0,-1.0,-1.0,-1.0,5178.671608999999,-1.0,-1.0,-1.0,-1.0,-1.0,3393.3449479999995,-1.0,-1.0,-1.0,-1.0,-1.0,6816.762551,-1.0,-1.0,-1.0,-1.0,-1.0,-1.0,-1.0,-1.0,-1.0,-1.0,-1.0,5879.200021,-1.0,-1.0,-1.0,-1.0,-1.0,-1.0,7779.214122000003,-1.0,-1.0,-1.0,-1.0,-1.0,-1.0,-1.0,-1.0,-1.0,-1.0,-1.0,-1.0,-1.0,-1.0,-1.0,-1.0,-1.0,1843.6554990000002,-1.0,-1.0,-1.0,-1.0,-1.0,1933.4460860000002,-1.0,3245.2717529999995,-1.0,-1.0,-1.0,-1.0,-1.0,-1.0,5197.046036000002,-1.0,-1.0,-1.0,-1.0,-1.0,-1.0
4831,-1.0,-1.0,8246.6453,6768.070099999998,-1.0,8820.971871999998,-1.0,6534.333641999998,3127.457033,-1.0,3809.6851939999997,-1.0,5631.878928999998,-1.0,-1.0,5210.601211999998,4915.266019999999,-1.0,-1.0,-1.0,-1.0,-1.0,6617.517367999997,-1.0,9902.184688000001,-1.0,-1.0,7726.8250579999985,-1.0,3125.4763749999997,2857.9595269999995,-1.0,3385.5767530000003,-1.0,6783.4129649999995,7662.179004999998,4417.184056,8679.055601,-1.0,9590.180325999998,-1.0,6816.542201999998,-1.0,-1.0,8198.156083999998,-1.0,-1.0,-1.0,-1.0,10361.685496999999,-1.0,9629.021858999997,-1.0,8003.012538999998,8215.393891,-1.0,1249.987574,819.904529,-1.0,-1.0,-1.0,-1.0,-1.0,-1.0,-1.0,-1.0,-1.0,-1.0,-1.0,5898.645154999997,5763.279350999997,-1.0,-1.0,-1.0,-1.0,6678.652033999999,-1.0,7314.164663999999,-1.0,5684.6932019999995,5393.162325999999,5171.405055999999,8856.748409,-1.0,-1.0,7656.592436999997,7553.668558999999,8282.407808,-1.0,9371.08913
4860,-1.0,-1.0,3550.197645999999,2082.719577,-1.0,4135.621349,-1.0,2358.192869,1707.4184250000003,-1.0,1025.190264,-1.0,946.5284060000001,-1.0,-1.0,487.93428900000004,485.719401,-1.0,-1.0,-1.0,-1.0,-1.0,1921.0697140000002,-1.0,5216.834164999999,-1.0,-1.0,3550.684285000001,-1.0,4676.613723999998,5293.693430000002,-1.0,2013.695079,-1.0,3476.6902450000002,4355.456285,2762.535469,3982.607946999999,-1.0,4904.829802999999,-1.0,2120.094548,-1.0,-1.0,3512.805561,-1.0,-1.0,-1.0,-1.0,5676.334973999998,-1.0,4943.6713359999985,-1.0,3317.6620159999998,3530.043368,-1.0,4932.624139000002,4454.080824000001,-1.0,-1.0,-1.0,-1.0,-1.0,-1.0,-1.0,-1.0,-1.0,-1.0,-1.0,2672.1220410000005,2068.2482299999992,-1.0,-1.0,-1.0,-1.0,3452.128920000001,-1.0,4087.641550000001,-1.0,3192.3731510000002,2400.3742150000003,1723.7450419999996,4171.397886000001,-1.0,-1.0,2971.2419139999993,4009.7305590000024,4572.503452000002,-1.0,4685.738606999999
4993,-1.0,-1.0,-1.0,-1.0,-1.0,-1.0,-1.0,-1.0,-1.0,-1.0,-1.0,3442.524452,-1.0,-1.0,-1.0,-1.0,-1.0,-1.0,-1.0,5945.1812199999995,-1.0,-1.0,-1.0,-1.0,-1.0,2655.800027,-1.0,-1.0,-1.0,-1.0,-1.0,7350.159145000001,-1.0,-1.0,-1.0,-1.0,-1.0,-1.0,-1.0,-1.0,-1.0,-1.0,-1.0,5956.235838999999,-1.0,-1.0,-1.0,-1.0,-1.0,-1.0,7814.930992000001,-1.0,-1.0,-1.0,-1.0,-1.0,-1.0,-1.0,-1.0,-1.0,-1.0,-1.0,-1.0,-1.0,-1.0,-1.0,-1.0,-1.0,467.399675,-1.0,-1.0,-1.0,-1.0,-1.0,1627.414354,-1.0,1629.6550389999998,-1.0,-1.0,-1.0,-1.0,-1.0,-1.0,5274.081854000002,-1.0,-1.0,-1.0,-1.0,-1.0,-1.0
5066,-1.0,-1.0,-1.0,-1.0,-1.0,-1.0,-1.0,-1.0,-1.0,-1.0,-1.0,3386.634019,-1.0,-1.0,-1.0,-1.0,-1.0,-1.0,-1.0,5700.285053999998,-1.0,-1.0,-1.0,-1.0,-1.0,3004.051396,-1.0,-1.0,-1.0,-1.0,-1.0,7294.268711999999,-1.0,-1.0,-1.0,-1.0,-1.0,-1.0,-1.0,-1.0,-1.0,-1.0,-1.0,5900.345405999997,-1.0,-1.0,-1.0,-1.0,-1.0,-1.0,7800.359507,-1.0,-1.0,-1.0,-1.0,-1.0,-1.0,-1.0,-1.0,-1.0,-1.0,-1.0,-1.0,-1.0,-1.0,-1.0,-1.0,-1.0,116.412892,-1.0,-1.0,-1.0,-1.0,-1.0,1831.1620110000003,-1.0,1977.9064080000003,-1.0,-1.0,-1.0,-1.0,-1.0,-1.0,5218.191420999999,-1.0,-1.0,-1.0,-1.0,-1.0,-1.0
5074,-1.0,-1.0,6675.724662999999,5115.472389999999,-1.0,6767.58121,-1.0,3553.1903169999996,4010.192417,-1.0,3963.4402200000004,-1.0,3979.2812189999995,3633.7225529999996,-1.0,3720.376403,3441.6525489999995,-1.0,-1.0,-1.0,-1.0,-1.0,5009.647754999999,-1.0,7594.196128,-1.0,-1.0,4745.681732999999,3937.017654999999,7664.410429999998,8281.490136,-1.0,4614.358972,4952.158732000003,6858.408912000001,7737.174952,5750.332175,7108.134963999999,7219.4358919999995,7926.0402749999985,-1.0,5245.6215649999995,-1.0,-1.0,6545.558373999998,6364.830278999997,6755.558316999996,8321.723382999999,-1.0,8581.308842999999,-1.0,7321.033299000001,8050.613448000001,5695.0239790000005,6562.796180999999,7040.526165999999,7122.307543000001,6756.854816,5660.557936,5207.379388999999,-1.0,2220.03941,2224.968595,1843.6554990000002,-1.0,-1.0,467.399675,116.412892,-1.0,3555.9948649999997,2952.1210539999997,-1.0,1455.9628310000005,2167.294072,-1.0,4336.001744,-1.0,4971.514374,-1.0,4696.524783999999,3904.525848,3142.177718,7204.150699,-1.0,4382.922773,5328.020114000001,4962.579635,5548.400824,6439.314372000003,7042.516807
5112,4874.9246090000015,5394.231546999999,-1.0,-1.0,5476.455605,-1.0,903.1457609999999,-1.0,-1.0,3003.117514,-1.0,2781.3776129999997,-1.0,-1.0,2223.1245540000004,-1.0,-1.0,2367.2433919999994,4442.989782,6429.507489999998,5784.288311999998,3040.1786850000003,-1.0,4817.85275,-1.0,3087.351802,1520.687746,-1.0,-1.0,-1.0,-1.0,7133.821191000001,-1.0,-1.0,-1.0,-1.0,-1.0,-1.0,-1.0,-1.0,3908.4469480000007,-1.0,4573.435176999999,5295.088999999998,-1.0,-1.0,-1.0,-1.0,7916.126124999998,-1.0,6749.185756000001,-1.0,-1.0,-1.0,-1.0,-1.0,-1.0,-1.0,-1.0,-1.0,5286.370557,-1.0,-1.0,-1.0,5898.645154999997,2672.1220410000005,-1.0,-1.0,3555.9948649999997,-1.0,-1.0,680.702767,-1.0,-1.0,1839.026028,-1.0,3324.045444,-1.0,1703.366187,-1.0,-1.0,-1.0,-1.0,4500.2883409999995,-1.0,-1.0,-1.0,-1.0,-1.0,-1.0
5139,4271.050798,4830.111446999999,-1.0,-1.0,4932.394492,-1.0,725.5402829999999,-1.0,-1.0,2867.75171,-1.0,2177.5038019999997,-1.0,-1.0,1619.2507429999998,-1.0,-1.0,1763.369581,4307.623977999999,5825.633678999999,5648.922507999997,2808.6597049999987,-1.0,4416.259050000001,-1.0,2483.477991,1301.7964310000002,-1.0,-1.0,-1.0,-1.0,6529.9473800000005,-1.0,-1.0,-1.0,-1.0,-1.0,-1.0,-1.0,-1.0,3386.6289059999995,-1.0,4051.617134999999,4691.215188999999,-1.0,-1.0,-1.0,-1.0,7358.303108,-1.0,6271.866352,-1.0,-1.0,-1.0,-1.0,-1.0,-1.0,-1.0,-1.0,-1.0,5151.004752999999,-1.0,-1.0,-1.0,5763.279350999997,2068.2482299999992,-1.0,-1.0,2952.1210539999997,-1.0,-1.0,76.828956,-1.0,-1.0,1235.1522169999998,-1.0,2720.171633,-1.0,1573.4948,-1.0,-1.0,-1.0,-1.0,3896.41453,-1.0,-1.0,-1.0,-1.0,-1.0,-1.0
5163,-1.0,-1.0,4954.949608999999,3394.6973359999997,-1.0,4818.413765,-1.0,1193.8076650000003,2712.651274,-1.0,2626.335379,-1.0,2258.506165,-1.0,-1.0,2249.5733699999996,1659.3577850000004,-1.0,-1.0,-1.0,-1.0,-1.0,3288.872701,-1.0,5645.028682999999,-1.0,-1.0,2386.299080999999,-1.0,6327.305588999998,6944.385295,-1.0,3556.261293,-1.0,5582.955620999999,6461.721661000001,4413.227334,5387.359909999999,-1.0,6216.807562,-1.0,3524.846511,-1.0,-1.0,4824.78332,-1.0,-1.0,-1.0,-1.0,6891.493761999998,-1.0,5371.865854,-1.0,3745.8565339999996,4842.021126999999,-1.0,6180.649848,5459.313673000001,-1.0,-1.0,-1.0,-1.0,-1.0,-1.0,-1.0,-1.0,-1.0,-1.0,-1.0,680.702767,76.828956,-1.0,-1.0,-1.0,-1.0,1460.7096460000002,-1.0,2096.222276,-1.0,2245.0050659999997,1453.0061300000004,823.8150820000001,5483.375645,-1.0,-1.0,3127.502313999998,2087.287537,2815.500664999999,-1.0,5093.349361999999
5174,-1.0,-1.0,-1.0,-1.0,-1.0,-1.0,-1.0,-1.0,-1.0,-1.0,-1.0,3126.4878850000005,-1.0,-1.0,-1.0,-1.0,-1.0,-1.0,-1.0,5993.995914,-1.0,-1.0,-1.0,-1.0,-1.0,1636.923528,-1.0,-1.0,-1.0,-1.0,-1.0,7390.964561,-1.0,-1.0,-1.0,-1.0,-1.0,-1.0,-1.0,-1.0,-1.0,-1.0,-1.0,5640.199272,-1.0,-1.0,-1.0,-1.0,-1.0,-1.0,7377.499769000001,-1.0,-1.0,-1.0,-1.0,-1.0,-1.0,-1.0,-1.0,-1.0,-1.0,-1.0,-1.0,-1.0,-1.0,-1.0,-1.0,-1.0,1455.9628310000005,-1.0,-1.0,-1.0,-1.0,-1.0,1247.3461630000002,-1.0,545.077396,-1.0,-1.0,-1.0,-1.0,-1.0,-1.0,4978.248229999999,-1.0,-1.0,-1.0,-1.0,-1.0,-1.0
5178,-1.0,-1.0,-1.0,-1.0,-1.0,-1.0,-1.0,-1.0,-1.0,-1.0,-1.0,2741.4585110000007,-1.0,-1.0,-1.0,-1.0,-1.0,-1.0,-1.0,5828.494055,-1.0,-1.0,-1.0,-1.0,-1.0,1125.19214,-1.0,-1.0,-1.0,-1.0,-1.0,7196.3500030000005,-1.0,-1.0,-1.0,-1.0,-1.0,-1.0,-1.0,-1.0,-1.0,-1.0,-1.0,5133.111147,-1.0,-1.0,-1.0,-1.0,-1.0,-1.0,6788.519079,-1.0,-1.0,-1.0,-1.0,-1.0,-1.0,-1.0,-1.0,-1.0,-1.0,-1.0,-1.0,-1.0,-1.0,-1.0,-1.0,-1.0,2167.294072,-1.0,-1.0,-1.0,-1.0,-1.0,964.764703,-1.0,1125.2466060000002,-1.0,-1.0,-1.0,-1.0,-1.0,-1.0,4593.218856,-1.0,-1.0,-1.0,-1.0,-1.0,-1.0
5187,-1.0,-1.0,4958.755825999999,3398.5035529999996,-1.0,5088.887070000001,-1.0,1836.2214800000002,3090.091042,-1.0,2691.661306,-1.0,2262.312382,2016.9697039999996,-1.0,2253.3795869999994,1724.683712,-1.0,-1.0,-1.0,-1.0,-1.0,3292.6789179999996,-1.0,5915.501988,-1.0,-1.0,3028.712896,2320.2648059999997,6392.631515999999,7009.711222000001,-1.0,3680.1661209999993,3935.8560170000005,5589.341010000001,6468.1070500000005,4478.553260999999,5391.166126999999,5802.623873,6220.613778999999,-1.0,3528.652728,-1.0,-1.0,4828.589536999999,4948.018259999998,5338.746297999997,6925.114307000001,-1.0,6992.118949999998,-1.0,5642.339159,6471.087825000001,4016.329839,4845.827343999999,6459.496818999999,6330.347812,5836.753441,5064.398475,4611.219927999999,-1.0,2309.829997,2314.759182,1933.4460860000002,-1.0,-1.0,1627.414354,1831.1620110000003,-1.0,1839.026028,1235.1522169999998,-1.0,1247.3461630000002,964.764703,-1.0,2619.0329070000007,-1.0,3254.545537,-1.0,2979.555947,2187.5570110000003,1425.2088810000002,5487.1818619999995,-1.0,2766.169924,3620.823270000001,3245.6107980000006,3831.431987,4859.788748999999,5363.8226669999995
5227,5654.931488000003,6213.992137,-1.0,-1.0,6256.462483999999,-1.0,1903.6265159999998,-1.0,-1.0,3783.124393,-1.0,3561.384492,-1.0,-1.0,3003.131433000002,-1.0,-1.0,3147.250271,5222.996660999998,7209.514368999999,6564.2951909999965,4040.65944,-1.0,5800.139740000001,-1.0,3867.3586810000006,2521.168500999999,-1.0,-1.0,-1.0,-1.0,7913.828070000001,-1.0,-1.0,-1.0,-1.0,-1.0,-1.0,-1.0,-1.0,4770.509596000001,-1.0,5435.4978249999995,6075.095878999999,-1.0,-1.0,-1.0,-1.0,8742.183797999998,-1.0,7655.747042000001,-1.0,-1.0,-1.0,-1.0,-1.0,-1.0,-1.0,-1.0,-1.0,6066.377436000001,-1.0,-1.0,-1.0,6678.652033999999,3452.128920000001,-1.0,-1.0,4336.001744,-1.0,-1.0,1460.7096460000002,-1.0,-1.0,2619.0329070000007,-1.0,4104.052323,-1.0,2483.3730659999997,-1.0,-1.0,-1.0,-1.0,5280.29522,-1.0,-1.0,-1.0,-1.0,-1.0,-1.0
5280,-1.0,-1.0,6443.775241999999,4883.522969,-1.0,6573.906486,-1.0,3321.2408960000002,4565.451521000001,-1.0,4176.680722,-1.0,3747.3317979999997,2800.114058000001,-1.0,3738.3990029999995,3209.703128,-1.0,-1.0,-1.0,-1.0,-1.0,4777.698333999999,-1.0,7400.521403999999,-1.0,-1.0,4012.29809,2684.4817960000005,7877.650931999999,8494.730638,-1.0,5165.185536999999,5351.899181000003,7074.360426000001,7953.126466000001,5963.572676999999,6876.185542999999,7063.1366240000025,7705.633194999999,-1.0,5013.672144,-1.0,-1.0,6313.608952999999,6208.531011,6599.259048999999,8307.685808999999,-1.0,8477.138366,-1.0,7127.358575,7521.109272999999,5501.349255,6330.8467599999985,7776.816902999996,7647.667895999999,7312.113920000001,6381.718559000001,5928.5400119999995,-1.0,3621.6556639999994,3626.5848489999994,3245.2717529999995,-1.0,-1.0,1629.6550389999998,1977.9064080000003,-1.0,3324.045444,2720.171633,-1.0,545.077396,1125.2466060000002,-1.0,4104.052323,-1.0,4739.564953,-1.0,4464.575363,3672.576427,2910.228297,6972.201278,-1.0,3549.3142780000007,5105.842686,4596.20402,4291.823926,5680.10403,6848.842083
5319,6290.444118000004,6849.504767000001,-1.0,-1.0,6891.975114000001,-1.0,2539.139146,-1.0,-1.0,4418.637023,-1.0,4196.897122,-1.0,-1.0,3638.6440630000016,-1.0,-1.0,3782.762901,5858.5092909999985,7845.026998999999,7199.807820999998,4676.17207,-1.0,6435.652370000001,-1.0,4502.871311000001,3156.6811309999985,-1.0,-1.0,-1.0,-1.0,8549.3407,-1.0,-1.0,-1.0,-1.0,-1.0,-1.0,-1.0,-1.0,5406.022226000001,-1.0,6071.010454999999,6710.608508999999,-1.0,-1.0,-1.0,-1.0,9377.696428000001,-1.0,8291.259672,-1.0,-1.0,-1.0,-1.0,-1.0,-1.0,-1.0,-1.0,-1.0,6701.890066000001,-1.0,-1.0,-1.0,7314.164663999999,4087.641550000001,-1.0,-1.0,4971.514374,-1.0,-1.0,2096.222276,-1.0,-1.0,3254.545537,-1.0,4739.564953,-1.0,3118.8856959999994,-1.0,-1.0,-1.0,-1.0,5915.80785,-1.0,-1.0,-1.0,-1.0,-1.0,-1.0
5522,-1.0,-1.0,5567.981873000001,4027.9325429999985,-1.0,5753.864015000001,-1.0,2344.5490909999994,1925.1239760000003,-1.0,2359.636531,-1.0,2891.7413719999995,-1.0,-1.0,2760.6155,2027.975844,-1.0,-1.0,-1.0,-1.0,-1.0,3922.1079079999986,-1.0,6580.478933,-1.0,-1.0,3537.0405069999997,-1.0,6041.289011,6460.403677000002,-1.0,2768.7339949999996,-1.0,5670.960716999999,6549.7267569999985,4127.210756,6000.3921740000005,-1.0,6850.0427690000015,-1.0,4137.878774999999,-1.0,-1.0,5458.018527,-1.0,-1.0,-1.0,-1.0,7621.54794,-1.0,6307.316104000001,-1.0,4681.306784000001,5475.256334,-1.0,5153.214996,4416.748706999999,-1.0,-1.0,-1.0,-1.0,-1.0,-1.0,-1.0,-1.0,-1.0,-1.0,-1.0,1703.366187,1573.4948,-1.0,-1.0,-1.0,-1.0,2483.3730659999997,-1.0,3118.8856959999994,-1.0,1036.7132920000001,792.4693579999999,1350.251978,6116.610852000002,-1.0,-1.0,4263.402378,3358.389590999999,4087.1288400000003,-1.0,6028.799612000001
5558,5695.094767000002,6254.155416,-1.0,-1.0,5618.029798000001,-1.0,2505.7490049999997,-1.0,-1.0,2707.5758790000004,-1.0,3921.9075319999997,-1.0,-1.0,3063.497655000001,-1.0,-1.0,2889.930014,4215.122456,6942.311755,5556.420985999998,4252.906617,-1.0,6023.219566000001,-1.0,4227.881721000001,3079.9790449999996,-1.0,-1.0,-1.0,-1.0,7797.759381,-1.0,-1.0,-1.0,-1.0,-1.0,-1.0,-1.0,-1.0,4830.8758179999995,-1.0,5495.864046999997,6435.618918999999,-1.0,-1.0,-1.0,-1.0,8782.347076999999,-1.0,7878.826868,-1.0,-1.0,-1.0,-1.0,-1.0,-1.0,-1.0,-1.0,-1.0,5073.633345,-1.0,-1.0,-1.0,5684.6932019999995,3192.3731510000002,-1.0,-1.0,4696.524783999999,-1.0,-1.0,2245.0050659999997,-1.0,-1.0,2979.555947,-1.0,4464.575363,-1.0,1036.7132920000001,-1.0,-1.0,-1.0,-1.0,5512.976747000001,-1.0,-1.0,-1.0,-1.0,-1.0,-1.0
5589,4903.095831000002,5462.15648,-1.0,-1.0,5167.987787,-1.0,1713.750069,-1.0,-1.0,2416.045003,-1.0,3129.908596,-1.0,-1.0,2271.498719000001,-1.0,-1.0,2097.931078,3923.59158,6606.673594999999,5264.890109999999,3460.9076809999992,-1.0,5231.220630000001,-1.0,3435.8827850000007,2287.9801090000005,-1.0,-1.0,-1.0,-1.0,7462.121220999999,-1.0,-1.0,-1.0,-1.0,-1.0,-1.0,-1.0,-1.0,4038.876882,-1.0,4703.865110999999,5643.619982999999,-1.0,-1.0,-1.0,-1.0,7990.348141,-1.0,7086.827932,-1.0,-1.0,-1.0,-1.0,-1.0,-1.0,-1.0,-1.0,-1.0,4782.102469,-1.0,-1.0,-1.0,5393.162325999999,2400.3742150000003,-1.0,-1.0,3904.525848,-1.0,-1.0,1453.0061300000004,-1.0,-1.0,2187.5570110000003,-1.0,3672.576427,-1.0,792.4693579999999,-1.0,-1.0,-1.0,-1.0,4720.977811000001,-1.0,-1.0,-1.0,-1.0,-1.0,-1.0
5620,4226.466658,4785.527306999999,-1.0,-1.0,4491.358614,-1.0,951.4019389999999,-1.0,-1.0,2275.8774150000004,-1.0,2367.560466,-1.0,-1.0,1594.8695460000001,-1.0,-1.0,1421.3019049999998,3715.749683,6015.690342999998,5057.048212999999,2784.278508,-1.0,4642.120706000001,-1.0,2673.5346550000004,1525.6319790000007,-1.0,-1.0,-1.0,-1.0,6720.004044000001,-1.0,-1.0,-1.0,-1.0,-1.0,-1.0,-1.0,-1.0,3362.247709,-1.0,4027.235938,4881.271852999998,-1.0,-1.0,-1.0,-1.0,7313.718968,-1.0,6497.728008,-1.0,-1.0,-1.0,-1.0,-1.0,-1.0,-1.0,-1.0,-1.0,4559.1304580000005,-1.0,-1.0,-1.0,5171.405055999999,1723.7450419999996,-1.0,-1.0,3142.177718,-1.0,-1.0,823.8150820000001,-1.0,-1.0,1425.2088810000002,-1.0,2910.228297,-1.0,1350.251978,-1.0,-1.0,-1.0,-1.0,4044.3486379999995,-1.0,-1.0,-1.0,-1.0,-1.0,-1.0
5768,3066.2844979999995,2104.942401,-1.0,-1.0,7046.032785000001,-1.0,5244.375015,-1.0,-1.0,6059.793099000001,-1.0,4106.308443,-1.0,-1.0,3890.9575159999995,-1.0,-1.0,4146.903692999999,7401.093035999999,9170.955783999998,8742.391565999998,2945.924035,-1.0,2637.393268,-1.0,6735.507636,4937.434277999999,-1.0,-1.0,-1.0,-1.0,9591.471060000002,-1.0,-1.0,-1.0,-1.0,-1.0,-1.0,-1.0,-1.0,2970.4564349999996,-1.0,2074.061906,2164.7111600000003,-1.0,-1.0,-1.0,-1.0,4001.476752000001,-1.0,3945.8294109999997,-1.0,-1.0,-1.0,-1.0,-1.0,-1.0,-1.0,-1.0,-1.0,8244.473811000002,-1.0,-1.0,-1.0,8856.748409,4171.397886000001,-1.0,-1.0,7204.150699,-1.0,-1.0,5483.375645,-1.0,-1.0,5487.1818619999995,-1.0,6972.201278,-1.0,6116.610852000002,-1.0,-1.0,-1.0,-1.0,4058.9279420000003,-1.0,-1.0,-1.0,-1.0,-1.0,-1.0
5787,-1.0,-1.0,3453.026816,1867.370965,-1.0,4190.163577,-1.0,4152.887507,4137.482143999999,-1.0,3455.253983,-1.0,2662.47595,3481.19549,-1.0,2933.0184120000004,2806.322997,-1.0,-1.0,-1.0,-1.0,-1.0,1936.03228,-1.0,5350.30846,-1.0,-1.0,5345.378923,4296.845788999999,7156.224192999999,7773.303899000001,-1.0,4443.758798,4176.425904000001,6071.050921000001,6949.816961,5242.145938000001,3896.038514,3505.9641109999984,4504.277824,-1.0,2731.883351,-1.0,-1.0,3615.4789889999997,2943.5282949999996,3008.550526999999,3542.2916209999994,-1.0,5159.546392,-1.0,4905.322445,5875.412926000001,3482.286729,3632.7167959999997,7917.711572999996,7362.687858000002,6884.1445429999985,6522.613229000001,6069.434682,-1.0,5510.361978999999,5515.291163999999,5197.046036000002,-1.0,-1.0,5274.081854000002,5218.191420999999,-1.0,4500.2883409999995,3896.41453,-1.0,4978.248229999999,4593.218856,-1.0,5280.29522,-1.0,5915.80785,-1.0,5512.976747000001,4720.977811000001,4044.3486379999995,4058.9279420000003,-1.0,2721.2422890000003,3867.3077230000004,5804.425197000002,6367.198090000002,4947.6312659999985,5549.510441
5856,-1.0,-1.0,-1.0,-1.0,-1.0,-1.0,-1.0,-1.0,-1.0,-1.0,-1.0,1108.5456560000002,-1.0,-1.0,-1.0,-1.0,-1.0,-1.0,-1.0,6164.222451000001,-1.0,-1.0,-1.0,-1.0,-1.0,3213.221094999999,-1.0,-1.0,-1.0,-1.0,-1.0,6584.737727000002,-1.0,-1.0,-1.0,-1.0,-1.0,-1.0,-1.0,-1.0,-1.0,-1.0,-1.0,2485.346735,-1.0,-1.0,-1.0,-1.0,-1.0,-1.0,4552.867992,-1.0,-1.0,-1.0,-1.0,-1.0,-1.0,-1.0,-1.0,-1.0,-1.0,-1.0,-1.0,-1.0,-1.0,-1.0,-1.0,-1.0,4382.922773,-1.0,-1.0,-1.0,-1.0,-1.0,2766.169924,-1.0,3549.3142780000007,-1.0,-1.0,-1.0,-1.0,-1.0,-1.0,2721.2422890000003,-1.0,-1.0,-1.0,-1.0,-1.0,-1.0
5915,3899.847435,3702.812642,-1.0,-1.0,5845.876812999999,-1.0,2729.4468869999987,-1.0,-1.0,4859.637126999998,-1.0,2671.145599,-1.0,-1.0,2690.801543999999,-1.0,-1.0,2946.747720999999,6200.937063999996,7735.7929399999975,7542.235593999995,1686.6664689999998,-1.0,2055.354815,-1.0,4869.149044000001,2342.6506619999996,-1.0,-1.0,-1.0,-1.0,8156.308216000001,-1.0,-1.0,-1.0,-1.0,-1.0,-1.0,-1.0,-1.0,2594.897452,-1.0,2827.0959230000003,3608.1391489999996,-1.0,-1.0,-1.0,-1.0,6105.539355000001,-1.0,3987.783448,-1.0,-1.0,-1.0,-1.0,-1.0,-1.0,-1.0,-1.0,-1.0,7044.3178389999985,-1.0,-1.0,-1.0,7656.592436999997,2971.2419139999993,-1.0,-1.0,5328.020114000001,-1.0,-1.0,3127.502313999998,-1.0,-1.0,3620.823270000001,-1.0,5105.842686,-1.0,4263.402378,-1.0,-1.0,-1.0,-1.0,3867.3077230000004,-1.0,-1.0,-1.0,-1.0,-1.0,-1.0
5955,6179.061465000005,6696.697197999996,-1.0,-1.0,6873.876821000002,-1.0,2205.611412,-1.0,-1.0,4658.140918,-1.0,4187.962383,-1.0,-1.0,3527.2614100000023,-1.0,-1.0,3704.851910000001,6098.013185999998,7836.092259999999,7439.311715999997,4342.644335999999,-1.0,6067.65056,-1.0,4206.773636,2823.153396999999,-1.0,-1.0,-1.0,-1.0,8540.405961,-1.0,-1.0,-1.0,-1.0,-1.0,-1.0,-1.0,-1.0,5210.912599,-1.0,5875.900827999998,6637.9473849999995,-1.0,-1.0,-1.0,-1.0,9218.591775999996,-1.0,8040.958089,-1.0,-1.0,-1.0,-1.0,-1.0,-1.0,-1.0,-1.0,-1.0,6941.393961000001,-1.0,-1.0,-1.0,7553.668558999999,4009.7305590000024,-1.0,-1.0,4962.579635,-1.0,-1.0,2087.287537,-1.0,-1.0,3245.6107980000006,-1.0,4596.20402,-1.0,3358.389590999999,-1.0,-1.0,-1.0,-1.0,5804.425197000002,-1.0,-1.0,-1.0,-1.0,-1.0,-1.0
5988,6741.834358000005,7127.024304999999,-1.0,-1.0,7436.649714000003,-1.0,2678.8440350000005,-1.0,-1.0,5386.880167000002,-1.0,4773.783572,-1.0,-1.0,4090.0343030000017,-1.0,-1.0,4267.6248030000015,6826.752434999999,8421.913449,8168.050964999998,4772.971443000001,-1.0,6426.60523,-1.0,3902.393542,3253.480504,-1.0,-1.0,-1.0,-1.0,9126.22715,-1.0,-1.0,-1.0,-1.0,-1.0,-1.0,-1.0,-1.0,5641.239706000002,-1.0,6306.227935,7068.2744920000005,-1.0,-1.0,-1.0,-1.0,9648.918883,-1.0,8399.912759,-1.0,-1.0,-1.0,-1.0,-1.0,-1.0,-1.0,-1.0,-1.0,7670.133210000002,-1.0,-1.0,-1.0,8282.407808,4572.503452000002,-1.0,-1.0,5548.400824,-1.0,-1.0,2815.500664999999,-1.0,-1.0,3831.431987,-1.0,4291.823926,-1.0,4087.1288400000003,-1.0,-1.0,-1.0,-1.0,6367.198090000002,-1.0,-1.0,-1.0,-1.0,-1.0,-1.0
6019,-1.0,-1.0,-1.0,-1.0,-1.0,-1.0,-1.0,-1.0,-1.0,-1.0,-1.0,3677.9208609999996,-1.0,-1.0,-1.0,-1.0,-1.0,-1.0,-1.0,8742.568201999999,-1.0,-1.0,-1.0,-1.0,-1.0,5272.638410000001,-1.0,-1.0,-1.0,-1.0,-1.0,9163.083478,-1.0,-1.0,-1.0,-1.0,-1.0,-1.0,-1.0,-1.0,-1.0,-1.0,-1.0,3570.171725,-1.0,-1.0,-1.0,-1.0,-1.0,-1.0,1991.934767,-1.0,-1.0,-1.0,-1.0,-1.0,-1.0,-1.0,-1.0,-1.0,-1.0,-1.0,-1.0,-1.0,-1.0,-1.0,-1.0,-1.0,6439.314372000003,-1.0,-1.0,-1.0,-1.0,-1.0,4859.788748999999,-1.0,5680.10403,-1.0,-1.0,-1.0,-1.0,-1.0,-1.0,4947.6312659999985,-1.0,-1.0,-1.0,-1.0,-1.0,-1.0
6040,5488.774902000001,5076.151476000001,-1.0,-1.0,7560.373506,-1.0,4684.068501,-1.0,-1.0,6574.133820000001,-1.0,4241.179661,-1.0,-1.0,4405.298237,-1.0,-1.0,4661.244413999999,7915.433756999999,9305.827001999998,9256.732286999999,3401.163162,-1.0,1886.0000370000002,-1.0,6612.148440999999,4470.533964000002,-1.0,-1.0,-1.0,-1.0,9726.342278,-1.0,-1.0,-1.0,-1.0,-1.0,-1.0,-1.0,-1.0,4309.394144999999,-1.0,4362.175543000001,4828.391552,-1.0,-1.0,-1.0,-1.0,7186.139255000002,-1.0,5005.471655,-1.0,-1.0,-1.0,-1.0,-1.0,-1.0,-1.0,-1.0,-1.0,8758.814532000002,-1.0,-1.0,-1.0,9371.08913,4685.738606999999,-1.0,-1.0,7042.516807,-1.0,-1.0,5093.349361999999,-1.0,-1.0,5363.8226669999995,-1.0,6848.842083,-1.0,6028.799612000001,-1.0,-1.0,-1.0,-1.0,5549.510441,-1.0,-1.0,-1.0,-1.0,-1.0,-1.0
